  Generate moc_predefs.h
  Uic'ing widget.ui...
  Rcc'ing image\image.qrc...
  Moc'ing CameraThread.h...
  Moc'ing imagelabel.h...
  Moc'ing mythread.h...
  Moc'ing templatematch.h...
  Moc'ing widget.h...
  CameraThread.cpp
  ImageManipulator.cpp
  Zhuizong.cpp
  ccrashstack.cpp
  clipper.cpp
  cmvcamera.cpp
  config.cpp
  imagelabel.cpp
  main.cpp
  mythread.cpp
  ocr_cls.cpp
  ocr_det.cpp
  ocr_rec.cpp
  postprocess_op.cpp
  preprocess_op.cpp
  snap7.cpp
  templatematch.cpp
  utility.cpp
  widget.cpp
d:\file\ocr_muban _fixed_save(penma)\ocr_muban _fixed_save\autoadd\paddleocr\src\config.cpp : warning C4819: 该文件包含不能在当前代码页(936)中表示的字符。请将该文件保存为 Unicode 格式以防止数据丢失
d:\file\ocr_muban _fixed_save(penma)\ocr_muban _fixed_save\autoadd\sdk\includes\mvcameracontrol.h : warning C4819: 该文件包含不能在当前代码页(936)中表示的字符。请将该文件保存为 Unicode 格式以防止数据丢失 (编译源文件 cmvcamera.cpp)
d:\file\ocr_muban _fixed_save(penma)\ocr_muban _fixed_save\autoadd\sdk\includes\mverrordefine.h : warning C4819: 该文件包含不能在当前代码页(936)中表示的字符。请将该文件保存为 Unicode 格式以防止数据丢失 (编译源文件 cmvcamera.cpp)
d:\file\ocr_muban _fixed_save(penma)\ocr_muban _fixed_save\autoadd\sdk\includes\mvisperrordefine.h : warning C4819: 该文件包含不能在当前代码页(936)中表示的字符。请将该文件保存为 Unicode 格式以防止数据丢失 (编译源文件 cmvcamera.cpp)
d:\file\ocr_muban _fixed_save(penma)\ocr_muban _fixed_save\autoadd\sdk\includes\cameraparams.h : warning C4819: 该文件包含不能在当前代码页(936)中表示的字符。请将该文件保存为 Unicode 格式以防止数据丢失 (编译源文件 cmvcamera.cpp)
d:\file\ocr_muban _fixed_save(penma)\ocr_muban _fixed_save\autoadd\sdk\includes\cameraparams.h(338): warning C4819: 该文件包含不能在当前代码页(936)中表示的字符。请将该文件保存为 Unicode 格式以防止数据丢失 (编译源文件 cmvcamera.cpp)
d:\file\ocr_muban _fixed_save(penma)\ocr_muban _fixed_save\autoadd\sdk\includes\cameraparams.h(713): warning C4819: 该文件包含不能在当前代码页(936)中表示的字符。请将该文件保存为 Unicode 格式以防止数据丢失 (编译源文件 cmvcamera.cpp)
d:\file\ocr_muban _fixed_save(penma)\ocr_muban _fixed_save\autoadd\sdk\includes\mvobsoleteinterfaces.h : warning C4819: 该文件包含不能在当前代码页(936)中表示的字符。请将该文件保存为 Unicode 格式以防止数据丢失 (编译源文件 cmvcamera.cpp)
d:\file\ocr_muban _fixed_save(penma)\ocr_muban _fixed_save\autoadd\sdk\includes\obsoletecamparams.h : warning C4819: 该文件包含不能在当前代码页(936)中表示的字符。请将该文件保存为 Unicode 格式以防止数据丢失 (编译源文件 cmvcamera.cpp)
d:\file\ocr_muban _fixed_save(penma)\ocr_muban _fixed_save\autoadd\sdk\includes\obsoletecamparams.h(373): warning C4819: 该文件包含不能在当前代码页(936)中表示的字符。请将该文件保存为 Unicode 格式以防止数据丢失 (编译源文件 cmvcamera.cpp)
d:\file\ocr_muban _fixed_save(penma)\ocr_muban _fixed_save\autoadd\sdk\includes\mvobsoleteinterfaces.h(471): warning C4819: 该文件包含不能在当前代码页(936)中表示的字符。请将该文件保存为 Unicode 格式以防止数据丢失 (编译源文件 cmvcamera.cpp)
d:\file\ocr_muban _fixed_save(penma)\ocr_muban _fixed_save\autoadd\sdk\includes\mvobsoleteinterfaces.h(880): warning C4819: 该文件包含不能在当前代码页(936)中表示的字符。请将该文件保存为 Unicode 格式以防止数据丢失 (编译源文件 cmvcamera.cpp)
d:\file\ocr_muban _fixed_save(penma)\ocr_muban _fixed_save\autoadd\sdk\includes\mvobsoleteinterfaces.h(1270): warning C4819: 该文件包含不能在当前代码页(936)中表示的字符。请将该文件保存为 Unicode 格式以防止数据丢失 (编译源文件 cmvcamera.cpp)
d:\file\ocr_muban _fixed_save(penma)\ocr_muban _fixed_save\autoadd\sdk\includes\mvobsoleteinterfaces.h(1707): warning C4819: 该文件包含不能在当前代码页(936)中表示的字符。请将该文件保存为 Unicode 格式以防止数据丢失 (编译源文件 cmvcamera.cpp)
d:\file\ocr_muban _fixed_save(penma)\ocr_muban _fixed_save\autoadd\sdk\includes\mvcameracontrol.h(419): warning C4819: 该文件包含不能在当前代码页(936)中表示的字符。请将该文件保存为 Unicode 格式以防止数据丢失 (编译源文件 cmvcamera.cpp)
d:\file\ocr_muban _fixed_save(penma)\ocr_muban _fixed_save\autoadd\sdk\includes\mvcameracontrol.h(753): warning C4819: 该文件包含不能在当前代码页(936)中表示的字符。请将该文件保存为 Unicode 格式以防止数据丢失 (编译源文件 cmvcamera.cpp)
d:\file\ocr_muban _fixed_save(penma)\ocr_muban _fixed_save\autoadd\sdk\includes\mvcameracontrol.h(1135): warning C4819: 该文件包含不能在当前代码页(936)中表示的字符。请将该文件保存为 Unicode 格式以防止数据丢失 (编译源文件 cmvcamera.cpp)
d:\file\ocr_muban _fixed_save(penma)\ocr_muban _fixed_save\autoadd\sdk\includes\mvcameracontrol.h(1576): warning C4819: 该文件包含不能在当前代码页(936)中表示的字符。请将该文件保存为 Unicode 格式以防止数据丢失 (编译源文件 cmvcamera.cpp)
d:\file\ocr_muban _fixed_save(penma)\ocr_muban _fixed_save\autoadd\sdk\includes\mvcameracontrol.h(1985): warning C4819: 该文件包含不能在当前代码页(936)中表示的字符。请将该文件保存为 Unicode 格式以防止数据丢失 (编译源文件 cmvcamera.cpp)
d:\file\ocr_muban _fixed_save(penma)\ocr_muban _fixed_save\autoadd\paddleocr\src\clipper.cpp(3706): warning C4819: 该文件包含不能在当前代码页(936)中表示的字符。请将该文件保存为 Unicode 格式以防止数据丢失
d:\file\ocr_muban _fixed_save(penma)\ocr_muban _fixed_save\3rdparty\paddle_inference_install_dir\paddle\include\paddle_api.h(157): warning C4251: “paddle::PaddleTensor::name”: class“std::basic_string<char,std::char_traits<char>,std::allocator<char>>”需要有 dll 接口由 struct“paddle::PaddleTensor”的客户端使用  (编译源文件 PaddleOCR\src\preprocess_op.cpp)
  c:\program files (x86)\microsoft visual studio\2017\community\vc\tools\msvc\14.16.27023\include\xstring(4373): note: 参见“std::basic_string<char,std::char_traits<char>,std::allocator<char>>”的声明 (编译源文件 PaddleOCR\src\preprocess_op.cpp)
d:\file\ocr_muban _fixed_save(penma)\ocr_muban _fixed_save\3rdparty\paddle_inference_install_dir\paddle\include\paddle_api.h(158): warning C4251: “paddle::PaddleTensor::shape”: class“std::vector<int,std::allocator<_Ty>>”需要有 dll 接口由 struct“paddle::PaddleTensor”的客户端使用
          with
          [
              _Ty=int
          ] (编译源文件 PaddleOCR\src\preprocess_op.cpp)
  d:\file\ocr_muban _fixed_save(penma)\ocr_muban _fixed_save\3rdparty\opencv\include\opencv2\core\types.hpp(737): note: 参见“std::vector<int,std::allocator<_Ty>>”的声明
          with
          [
              _Ty=int
          ] (编译源文件 PaddleOCR\src\preprocess_op.cpp)
d:\file\ocr_muban _fixed_save(penma)\ocr_muban _fixed_save\3rdparty\paddle_inference_install_dir\paddle\include\paddle_api.h(161): warning C4251: “paddle::PaddleTensor::lod”: class“std::vector<std::vector<size_t,std::allocator<_Ty>>,std::allocator<std::vector<_Ty,std::allocator<_Ty>>>>”需要有 dll 接口由 struct“paddle::PaddleTensor”的客户端使用
          with
          [
              _Ty=size_t
          ] (编译源文件 PaddleOCR\src\preprocess_op.cpp)
  d:\file\ocr_muban _fixed_save(penma)\ocr_muban _fixed_save\3rdparty\paddle_inference_install_dir\paddle\include\paddle_api.h(161): note: 参见“std::vector<std::vector<size_t,std::allocator<_Ty>>,std::allocator<std::vector<_Ty,std::allocator<_Ty>>>>”的声明
          with
          [
              _Ty=size_t
          ] (编译源文件 PaddleOCR\src\preprocess_op.cpp)
d:\file\ocr_muban _fixed_save(penma)\ocr_muban _fixed_save\3rdparty\paddle_inference_install_dir\paddle\include\paddle_api.h(237): warning C4251: “paddle::ZeroCopyTensor::name_”: class“std::basic_string<char,std::char_traits<char>,std::allocator<char>>”需要有 dll 接口由 class“paddle::ZeroCopyTensor”的客户端使用  (编译源文件 PaddleOCR\src\preprocess_op.cpp)
  c:\program files (x86)\microsoft visual studio\2017\community\vc\tools\msvc\14.16.27023\include\xstring(4373): note: 参见“std::basic_string<char,std::char_traits<char>,std::allocator<char>>”的声明 (编译源文件 PaddleOCR\src\preprocess_op.cpp)
d:\file\ocr_muban _fixed_save(penma)\ocr_muban _fixed_save\3rdparty\paddle_inference_install_dir\paddle\include\paddle_api.h(157): warning C4251: “paddle::PaddleTensor::name”: class“std::basic_string<char,std::char_traits<char>,std::allocator<char>>”需要有 dll 接口由 struct“paddle::PaddleTensor”的客户端使用  (编译源文件 PaddleOCR\src\ocr_rec.cpp)
  c:\program files (x86)\microsoft visual studio\2017\community\vc\tools\msvc\14.16.27023\include\xstring(4373): note: 参见“std::basic_string<char,std::char_traits<char>,std::allocator<char>>”的声明 (编译源文件 PaddleOCR\src\ocr_rec.cpp)
d:\file\ocr_muban _fixed_save(penma)\ocr_muban _fixed_save\3rdparty\paddle_inference_install_dir\paddle\include\paddle_api.h(158): warning C4251: “paddle::PaddleTensor::shape”: class“std::vector<int,std::allocator<_Ty>>”需要有 dll 接口由 struct“paddle::PaddleTensor”的客户端使用
          with
          [
              _Ty=int
          ] (编译源文件 PaddleOCR\src\ocr_rec.cpp)
  d:\file\ocr_muban _fixed_save(penma)\ocr_muban _fixed_save\3rdparty\opencv\include\opencv2\core\types.hpp(737): note: 参见“std::vector<int,std::allocator<_Ty>>”的声明
          with
          [
              _Ty=int
          ] (编译源文件 PaddleOCR\src\ocr_rec.cpp)
d:\file\ocr_muban _fixed_save(penma)\ocr_muban _fixed_save\3rdparty\paddle_inference_install_dir\paddle\include\paddle_api.h(161): warning C4251: “paddle::PaddleTensor::lod”: class“std::vector<std::vector<size_t,std::allocator<_Ty>>,std::allocator<std::vector<_Ty,std::allocator<_Ty>>>>”需要有 dll 接口由 struct“paddle::PaddleTensor”的客户端使用
          with
          [
              _Ty=size_t
          ] (编译源文件 PaddleOCR\src\ocr_rec.cpp)
  d:\file\ocr_muban _fixed_save(penma)\ocr_muban _fixed_save\3rdparty\paddle_inference_install_dir\paddle\include\paddle_api.h(161): note: 参见“std::vector<std::vector<size_t,std::allocator<_Ty>>,std::allocator<std::vector<_Ty,std::allocator<_Ty>>>>”的声明
          with
          [
              _Ty=size_t
          ] (编译源文件 PaddleOCR\src\ocr_rec.cpp)
d:\file\ocr_muban _fixed_save(penma)\ocr_muban _fixed_save\3rdparty\paddle_inference_install_dir\paddle\include\paddle_api.h(237): warning C4251: “paddle::ZeroCopyTensor::name_”: class“std::basic_string<char,std::char_traits<char>,std::allocator<char>>”需要有 dll 接口由 class“paddle::ZeroCopyTensor”的客户端使用  (编译源文件 PaddleOCR\src\ocr_rec.cpp)
  c:\program files (x86)\microsoft visual studio\2017\community\vc\tools\msvc\14.16.27023\include\xstring(4373): note: 参见“std::basic_string<char,std::char_traits<char>,std::allocator<char>>”的声明 (编译源文件 PaddleOCR\src\ocr_rec.cpp)
d:\file\ocr_muban _fixed_save(penma)\ocr_muban _fixed_save\3rdparty\paddle_inference_install_dir\paddle\include\paddle_api.h(292): warning C4100: “name”: 未引用的形参 (编译源文件 PaddleOCR\src\preprocess_op.cpp)
d:\file\ocr_muban _fixed_save(penma)\ocr_muban _fixed_save\3rdparty\paddle_inference_install_dir\paddle\include\paddle_api.h(302): warning C4100: “name”: 未引用的形参 (编译源文件 PaddleOCR\src\preprocess_op.cpp)
d:\file\ocr_muban _fixed_save(penma)\ocr_muban _fixed_save\3rdparty\paddle_inference_install_dir\paddle\include\paddle_api.h(369): warning C4251: “paddle::NativeConfig::prog_file”: class“std::basic_string<char,std::char_traits<char>,std::allocator<char>>”需要有 dll 接口由 struct“paddle::NativeConfig”的客户端使用  (编译源文件 PaddleOCR\src\preprocess_op.cpp)
  c:\program files (x86)\microsoft visual studio\2017\community\vc\tools\msvc\14.16.27023\include\xstring(4373): note: 参见“std::basic_string<char,std::char_traits<char>,std::allocator<char>>”的声明 (编译源文件 PaddleOCR\src\preprocess_op.cpp)
d:\file\ocr_muban _fixed_save(penma)\ocr_muban _fixed_save\3rdparty\paddle_inference_install_dir\paddle\include\paddle_api.h(371): warning C4251: “paddle::NativeConfig::param_file”: class“std::basic_string<char,std::char_traits<char>,std::allocator<char>>”需要有 dll 接口由 struct“paddle::NativeConfig”的客户端使用  (编译源文件 PaddleOCR\src\preprocess_op.cpp)
  c:\program files (x86)\microsoft visual studio\2017\community\vc\tools\msvc\14.16.27023\include\xstring(4373): note: 参见“std::basic_string<char,std::char_traits<char>,std::allocator<char>>”的声明 (编译源文件 PaddleOCR\src\preprocess_op.cpp)
d:\file\ocr_muban _fixed_save(penma)\ocr_muban _fixed_save\3rdparty\paddle_inference_install_dir\paddle\include\paddle_api.h(292): warning C4100: “name”: 未引用的形参 (编译源文件 PaddleOCR\src\ocr_rec.cpp)
d:\file\ocr_muban _fixed_save(penma)\ocr_muban _fixed_save\3rdparty\paddle_inference_install_dir\paddle\include\paddle_pass_builder.h(110): warning C4251: “paddle::PaddlePassBuilder::analysis_passes_”: class“std::vector<std::string,std::allocator<_Ty>>”需要有 dll 接口由 class“paddle::PaddlePassBuilder”的客户端使用
          with
          [
              _Ty=std::string
          ] (编译源文件 PaddleOCR\src\preprocess_op.cpp)
  d:\file\ocr_muban _fixed_save(penma)\ocr_muban _fixed_save\3rdparty\paddle_inference_install_dir\paddle\include\paddle_api.h(273): note: 参见“std::vector<std::string,std::allocator<_Ty>>”的声明
          with
          [
              _Ty=std::string
          ] (编译源文件 PaddleOCR\src\preprocess_op.cpp)
d:\file\ocr_muban _fixed_save(penma)\ocr_muban _fixed_save\3rdparty\paddle_inference_install_dir\paddle\include\paddle_pass_builder.h(111): warning C4251: “paddle::PaddlePassBuilder::passes_”: class“std::vector<std::string,std::allocator<_Ty>>”需要有 dll 接口由 class“paddle::PaddlePassBuilder”的客户端使用
          with
          [
              _Ty=std::string
          ] (编译源文件 PaddleOCR\src\preprocess_op.cpp)
d:\file\ocr_muban _fixed_save(penma)\ocr_muban _fixed_save\3rdparty\paddle_inference_install_dir\paddle\include\paddle_api.h(302): warning C4100: “name”: 未引用的形参 (编译源文件 PaddleOCR\src\ocr_rec.cpp)
  d:\file\ocr_muban _fixed_save(penma)\ocr_muban _fixed_save\3rdparty\paddle_inference_install_dir\paddle\include\paddle_api.h(273): note: 参见“std::vector<std::string,std::allocator<_Ty>>”的声明
          with
          [
              _Ty=std::string
          ] (编译源文件 PaddleOCR\src\preprocess_op.cpp)
d:\file\ocr_muban _fixed_save(penma)\ocr_muban _fixed_save\3rdparty\paddle_inference_install_dir\paddle\include\paddle_api.h(157): warning C4251: “paddle::PaddleTensor::name”: class“std::basic_string<char,std::char_traits<char>,std::allocator<char>>”需要有 dll 接口由 struct“paddle::PaddleTensor”的客户端使用  (编译源文件 PaddleOCR\src\ocr_det.cpp)
  c:\program files (x86)\microsoft visual studio\2017\community\vc\tools\msvc\14.16.27023\include\xstring(4373): note: 参见“std::basic_string<char,std::char_traits<char>,std::allocator<char>>”的声明 (编译源文件 PaddleOCR\src\ocr_det.cpp)
d:\file\ocr_muban _fixed_save(penma)\ocr_muban _fixed_save\3rdparty\paddle_inference_install_dir\paddle\include\paddle_api.h(369): warning C4251: “paddle::NativeConfig::prog_file”: class“std::basic_string<char,std::char_traits<char>,std::allocator<char>>”需要有 dll 接口由 struct“paddle::NativeConfig”的客户端使用  (编译源文件 PaddleOCR\src\ocr_rec.cpp)
  c:\program files (x86)\microsoft visual studio\2017\community\vc\tools\msvc\14.16.27023\include\xstring(4373): note: 参见“std::basic_string<char,std::char_traits<char>,std::allocator<char>>”的声明 (编译源文件 PaddleOCR\src\ocr_rec.cpp)
d:\file\ocr_muban _fixed_save(penma)\ocr_muban _fixed_save\3rdparty\paddle_inference_install_dir\paddle\include\paddle_api.h(158): warning C4251: “paddle::PaddleTensor::shape”: class“std::vector<int,std::allocator<_Ty>>”需要有 dll 接口由 struct“paddle::PaddleTensor”的客户端使用
          with
          [
              _Ty=int
          ] (编译源文件 PaddleOCR\src\ocr_det.cpp)
d:\file\ocr_muban _fixed_save(penma)\ocr_muban _fixed_save\3rdparty\paddle_inference_install_dir\paddle\include\paddle_api.h(371): warning C4251: “paddle::NativeConfig::param_file”: class“std::basic_string<char,std::char_traits<char>,std::allocator<char>>”需要有 dll 接口由 struct“paddle::NativeConfig”的客户端使用  (编译源文件 PaddleOCR\src\ocr_rec.cpp)
  d:\file\ocr_muban _fixed_save(penma)\ocr_muban _fixed_save\3rdparty\opencv\include\opencv2\core\types.hpp(737): note: 参见“std::vector<int,std::allocator<_Ty>>”的声明
          with
          [
              _Ty=int
          ] (编译源文件 PaddleOCR\src\ocr_det.cpp)
  c:\program files (x86)\microsoft visual studio\2017\community\vc\tools\msvc\14.16.27023\include\xstring(4373): note: 参见“std::basic_string<char,std::char_traits<char>,std::allocator<char>>”的声明 (编译源文件 PaddleOCR\src\ocr_rec.cpp)
d:\file\ocr_muban _fixed_save(penma)\ocr_muban _fixed_save\3rdparty\paddle_inference_install_dir\paddle\include\paddle_api.h(157): warning C4251: “paddle::PaddleTensor::name”: class“std::basic_string<char,std::char_traits<char>,std::allocator<char>>”需要有 dll 接口由 struct“paddle::PaddleTensor”的客户端使用  (编译源文件 PaddleOCR\src\ocr_cls.cpp)
  c:\program files (x86)\microsoft visual studio\2017\community\vc\tools\msvc\14.16.27023\include\xstring(4373): note: 参见“std::basic_string<char,std::char_traits<char>,std::allocator<char>>”的声明 (编译源文件 PaddleOCR\src\ocr_cls.cpp)
d:\file\ocr_muban _fixed_save(penma)\ocr_muban _fixed_save\3rdparty\paddle_inference_install_dir\paddle\include\paddle_api.h(161): warning C4251: “paddle::PaddleTensor::lod”: class“std::vector<std::vector<size_t,std::allocator<_Ty>>,std::allocator<std::vector<_Ty,std::allocator<_Ty>>>>”需要有 dll 接口由 struct“paddle::PaddleTensor”的客户端使用
          with
          [
              _Ty=size_t
          ] (编译源文件 PaddleOCR\src\ocr_det.cpp)
d:\file\ocr_muban _fixed_save(penma)\ocr_muban _fixed_save\3rdparty\paddle_inference_install_dir\paddle\include\paddle_api.h(158): warning C4251: “paddle::PaddleTensor::shape”: class“std::vector<int,std::allocator<_Ty>>”需要有 dll 接口由 struct“paddle::PaddleTensor”的客户端使用
          with
          [
              _Ty=int
          ] (编译源文件 PaddleOCR\src\ocr_cls.cpp)
  d:\file\ocr_muban _fixed_save(penma)\ocr_muban _fixed_save\3rdparty\paddle_inference_install_dir\paddle\include\paddle_api.h(161): note: 参见“std::vector<std::vector<size_t,std::allocator<_Ty>>,std::allocator<std::vector<_Ty,std::allocator<_Ty>>>>”的声明
          with
          [
              _Ty=size_t
          ] (编译源文件 PaddleOCR\src\ocr_det.cpp)
  d:\file\ocr_muban _fixed_save(penma)\ocr_muban _fixed_save\3rdparty\opencv\include\opencv2\core\types.hpp(737): note: 参见“std::vector<int,std::allocator<_Ty>>”的声明
          with
          [
              _Ty=int
          ] (编译源文件 PaddleOCR\src\ocr_cls.cpp)
d:\file\ocr_muban _fixed_save(penma)\ocr_muban _fixed_save\3rdparty\paddle_inference_install_dir\paddle\include\paddle_api.h(237): warning C4251: “paddle::ZeroCopyTensor::name_”: class“std::basic_string<char,std::char_traits<char>,std::allocator<char>>”需要有 dll 接口由 class“paddle::ZeroCopyTensor”的客户端使用  (编译源文件 PaddleOCR\src\ocr_det.cpp)
  c:\program files (x86)\microsoft visual studio\2017\community\vc\tools\msvc\14.16.27023\include\xstring(4373): note: 参见“std::basic_string<char,std::char_traits<char>,std::allocator<char>>”的声明 (编译源文件 PaddleOCR\src\ocr_det.cpp)
d:\file\ocr_muban _fixed_save(penma)\ocr_muban _fixed_save\3rdparty\paddle_inference_install_dir\paddle\include\paddle_analysis_config.h(588): warning C4251: “paddle::AnalysisConfig::model_dir_”: class“std::basic_string<char,std::char_traits<char>,std::allocator<char>>”需要有 dll 接口由 struct“paddle::AnalysisConfig”的客户端使用  (编译源文件 PaddleOCR\src\preprocess_op.cpp)
d:\file\ocr_muban _fixed_save(penma)\ocr_muban _fixed_save\3rdparty\paddle_inference_install_dir\paddle\include\paddle_api.h(161): warning C4251: “paddle::PaddleTensor::lod”: class“std::vector<std::vector<size_t,std::allocator<_Ty>>,std::allocator<std::vector<_Ty,std::allocator<_Ty>>>>”需要有 dll 接口由 struct“paddle::PaddleTensor”的客户端使用
          with
          [
              _Ty=size_t
          ] (编译源文件 PaddleOCR\src\ocr_cls.cpp)
  c:\program files (x86)\microsoft visual studio\2017\community\vc\tools\msvc\14.16.27023\include\xstring(4373): note: 参见“std::basic_string<char,std::char_traits<char>,std::allocator<char>>”的声明 (编译源文件 PaddleOCR\src\preprocess_op.cpp)
  d:\file\ocr_muban _fixed_save(penma)\ocr_muban _fixed_save\3rdparty\paddle_inference_install_dir\paddle\include\paddle_api.h(161): note: 参见“std::vector<std::vector<size_t,std::allocator<_Ty>>,std::allocator<std::vector<_Ty,std::allocator<_Ty>>>>”的声明
          with
          [
              _Ty=size_t
          ] (编译源文件 PaddleOCR\src\ocr_cls.cpp)
d:\file\ocr_muban _fixed_save(penma)\ocr_muban _fixed_save\3rdparty\paddle_inference_install_dir\paddle\include\paddle_analysis_config.h(589): warning C4251: “paddle::AnalysisConfig::prog_file_”: class“std::basic_string<char,std::char_traits<char>,std::allocator<char>>”需要有 dll 接口由 struct“paddle::AnalysisConfig”的客户端使用  (编译源文件 PaddleOCR\src\preprocess_op.cpp)
  c:\program files (x86)\microsoft visual studio\2017\community\vc\tools\msvc\14.16.27023\include\xstring(4373): note: 参见“std::basic_string<char,std::char_traits<char>,std::allocator<char>>”的声明 (编译源文件 PaddleOCR\src\preprocess_op.cpp)
d:\file\ocr_muban _fixed_save(penma)\ocr_muban _fixed_save\3rdparty\paddle_inference_install_dir\paddle\include\paddle_analysis_config.h(590): warning C4251: “paddle::AnalysisConfig::params_file_”: class“std::basic_string<char,std::char_traits<char>,std::allocator<char>>”需要有 dll 接口由 struct“paddle::AnalysisConfig”的客户端使用  (编译源文件 PaddleOCR\src\preprocess_op.cpp)
  c:\program files (x86)\microsoft visual studio\2017\community\vc\tools\msvc\14.16.27023\include\xstring(4373): note: 参见“std::basic_string<char,std::char_traits<char>,std::allocator<char>>”的声明 (编译源文件 PaddleOCR\src\preprocess_op.cpp)
d:\file\ocr_muban _fixed_save(penma)\ocr_muban _fixed_save\3rdparty\paddle_inference_install_dir\paddle\include\paddle_api.h(237): warning C4251: “paddle::ZeroCopyTensor::name_”: class“std::basic_string<char,std::char_traits<char>,std::allocator<char>>”需要有 dll 接口由 class“paddle::ZeroCopyTensor”的客户端使用  (编译源文件 PaddleOCR\src\ocr_cls.cpp)
  c:\program files (x86)\microsoft visual studio\2017\community\vc\tools\msvc\14.16.27023\include\xstring(4373): note: 参见“std::basic_string<char,std::char_traits<char>,std::allocator<char>>”的声明 (编译源文件 PaddleOCR\src\ocr_cls.cpp)
d:\file\ocr_muban _fixed_save(penma)\ocr_muban _fixed_save\3rdparty\paddle_inference_install_dir\paddle\include\paddle_analysis_config.h(624): warning C4251: “paddle::AnalysisConfig::min_input_shape_”: class“std::map<std::string,std::vector<int,std::allocator<_Ty>>,std::less<_Kty>,std::allocator<std::pair<const _Kty,std::vector<_Ty,std::allocator<_Ty>>>>>”需要有 dll 接口由 struct“paddle::AnalysisConfig”的客户端使用
          with
          [
              _Ty=int,
              _Kty=std::string
          ] (编译源文件 PaddleOCR\src\preprocess_op.cpp)
  d:\file\ocr_muban _fixed_save(penma)\ocr_muban _fixed_save\3rdparty\paddle_inference_install_dir\paddle\include\paddle_analysis_config.h(323): note: 参见“std::map<std::string,std::vector<int,std::allocator<_Ty>>,std::less<_Kty>,std::allocator<std::pair<const _Kty,std::vector<_Ty,std::allocator<_Ty>>>>>”的声明
          with
          [
              _Ty=int,
              _Kty=std::string
          ] (编译源文件 PaddleOCR\src\preprocess_op.cpp)
d:\file\ocr_muban _fixed_save(penma)\ocr_muban _fixed_save\3rdparty\paddle_inference_install_dir\paddle\include\paddle_analysis_config.h(625): warning C4251: “paddle::AnalysisConfig::max_input_shape_”: class“std::map<std::string,std::vector<int,std::allocator<_Ty>>,std::less<_Kty>,std::allocator<std::pair<const _Kty,std::vector<_Ty,std::allocator<_Ty>>>>>”需要有 dll 接口由 struct“paddle::AnalysisConfig”的客户端使用
          with
          [
              _Ty=int,
              _Kty=std::string
          ] (编译源文件 PaddleOCR\src\preprocess_op.cpp)
  d:\file\ocr_muban _fixed_save(penma)\ocr_muban _fixed_save\3rdparty\paddle_inference_install_dir\paddle\include\paddle_analysis_config.h(323): note: 参见“std::map<std::string,std::vector<int,std::allocator<_Ty>>,std::less<_Kty>,std::allocator<std::pair<const _Kty,std::vector<_Ty,std::allocator<_Ty>>>>>”的声明
          with
          [
              _Ty=int,
              _Kty=std::string
          ] (编译源文件 PaddleOCR\src\preprocess_op.cpp)
d:\file\ocr_muban _fixed_save(penma)\ocr_muban _fixed_save\3rdparty\paddle_inference_install_dir\paddle\include\paddle_analysis_config.h(626): warning C4251: “paddle::AnalysisConfig::optim_input_shape_”: class“std::map<std::string,std::vector<int,std::allocator<_Ty>>,std::less<_Kty>,std::allocator<std::pair<const _Kty,std::vector<_Ty,std::allocator<_Ty>>>>>”需要有 dll 接口由 struct“paddle::AnalysisConfig”的客户端使用
          with
          [
              _Ty=int,
              _Kty=std::string
          ] (编译源文件 PaddleOCR\src\preprocess_op.cpp)
  d:\file\ocr_muban _fixed_save(penma)\ocr_muban _fixed_save\3rdparty\paddle_inference_install_dir\paddle\include\paddle_analysis_config.h(323): note: 参见“std::map<std::string,std::vector<int,std::allocator<_Ty>>,std::less<_Kty>,std::allocator<std::pair<const _Kty,std::vector<_Ty,std::allocator<_Ty>>>>>”的声明
          with
          [
              _Ty=int,
              _Kty=std::string
          ] (编译源文件 PaddleOCR\src\preprocess_op.cpp)
d:\file\ocr_muban _fixed_save(penma)\ocr_muban _fixed_save\3rdparty\paddle_inference_install_dir\paddle\include\paddle_analysis_config.h(627): warning C4251: “paddle::AnalysisConfig::trt_disabled_ops_”: class“std::vector<std::string,std::allocator<_Ty>>”需要有 dll 接口由 struct“paddle::AnalysisConfig”的客户端使用
          with
          [
              _Ty=std::string
          ] (编译源文件 PaddleOCR\src\preprocess_op.cpp)
  d:\file\ocr_muban _fixed_save(penma)\ocr_muban _fixed_save\3rdparty\paddle_inference_install_dir\paddle\include\paddle_api.h(273): note: 参见“std::vector<std::string,std::allocator<_Ty>>”的声明
          with
          [
              _Ty=std::string
          ] (编译源文件 PaddleOCR\src\preprocess_op.cpp)
d:\file\ocr_muban _fixed_save(penma)\ocr_muban _fixed_save\3rdparty\paddle_inference_install_dir\paddle\include\paddle_pass_builder.h(110): warning C4251: “paddle::PaddlePassBuilder::analysis_passes_”: class“std::vector<std::string,std::allocator<_Ty>>”需要有 dll 接口由 class“paddle::PaddlePassBuilder”的客户端使用
          with
          [
              _Ty=std::string
          ] (编译源文件 PaddleOCR\src\ocr_rec.cpp)
  d:\file\ocr_muban _fixed_save(penma)\ocr_muban _fixed_save\3rdparty\paddle_inference_install_dir\paddle\include\paddle_api.h(273): note: 参见“std::vector<std::string,std::allocator<_Ty>>”的声明
          with
          [
              _Ty=std::string
          ] (编译源文件 PaddleOCR\src\ocr_rec.cpp)
d:\file\ocr_muban _fixed_save(penma)\ocr_muban _fixed_save\3rdparty\paddle_inference_install_dir\paddle\include\paddle_pass_builder.h(111): warning C4251: “paddle::PaddlePassBuilder::passes_”: class“std::vector<std::string,std::allocator<_Ty>>”需要有 dll 接口由 class“paddle::PaddlePassBuilder”的客户端使用
          with
          [
              _Ty=std::string
          ] (编译源文件 PaddleOCR\src\ocr_rec.cpp)
  d:\file\ocr_muban _fixed_save(penma)\ocr_muban _fixed_save\3rdparty\paddle_inference_install_dir\paddle\include\paddle_api.h(273): note: 参见“std::vector<std::string,std::allocator<_Ty>>”的声明
          with
          [
              _Ty=std::string
          ] (编译源文件 PaddleOCR\src\ocr_rec.cpp)
d:\file\ocr_muban _fixed_save(penma)\ocr_muban _fixed_save\3rdparty\paddle_inference_install_dir\paddle\include\paddle_api.h(292): warning C4100: “name”: 未引用的形参 (编译源文件 PaddleOCR\src\ocr_det.cpp)
d:\file\ocr_muban _fixed_save(penma)\ocr_muban _fixed_save\3rdparty\paddle_inference_install_dir\paddle\include\paddle_api.h(302): warning C4100: “name”: 未引用的形参 (编译源文件 PaddleOCR\src\ocr_det.cpp)
d:\file\ocr_muban _fixed_save(penma)\ocr_muban _fixed_save\3rdparty\paddle_inference_install_dir\paddle\include\paddle_analysis_config.h(588): warning C4251: “paddle::AnalysisConfig::model_dir_”: class“std::basic_string<char,std::char_traits<char>,std::allocator<char>>”需要有 dll 接口由 struct“paddle::AnalysisConfig”的客户端使用  (编译源文件 PaddleOCR\src\ocr_rec.cpp)
  c:\program files (x86)\microsoft visual studio\2017\community\vc\tools\msvc\14.16.27023\include\xstring(4373): note: 参见“std::basic_string<char,std::char_traits<char>,std::allocator<char>>”的声明 (编译源文件 PaddleOCR\src\ocr_rec.cpp)
d:\file\ocr_muban _fixed_save(penma)\ocr_muban _fixed_save\3rdparty\paddle_inference_install_dir\paddle\include\paddle_analysis_config.h(589): warning C4251: “paddle::AnalysisConfig::prog_file_”: class“std::basic_string<char,std::char_traits<char>,std::allocator<char>>”需要有 dll 接口由 struct“paddle::AnalysisConfig”的客户端使用  (编译源文件 PaddleOCR\src\ocr_rec.cpp)
d:\file\ocr_muban _fixed_save(penma)\ocr_muban _fixed_save\3rdparty\paddle_inference_install_dir\paddle\include\paddle_api.h(292): warning C4100: “name”: 未引用的形参 (编译源文件 PaddleOCR\src\ocr_cls.cpp)
  c:\program files (x86)\microsoft visual studio\2017\community\vc\tools\msvc\14.16.27023\include\xstring(4373): note: 参见“std::basic_string<char,std::char_traits<char>,std::allocator<char>>”的声明 (编译源文件 PaddleOCR\src\ocr_rec.cpp)
d:\file\ocr_muban _fixed_save(penma)\ocr_muban _fixed_save\3rdparty\paddle_inference_install_dir\paddle\include\paddle_analysis_config.h(590): warning C4251: “paddle::AnalysisConfig::params_file_”: class“std::basic_string<char,std::char_traits<char>,std::allocator<char>>”需要有 dll 接口由 struct“paddle::AnalysisConfig”的客户端使用  (编译源文件 PaddleOCR\src\ocr_rec.cpp)
d:\file\ocr_muban _fixed_save(penma)\ocr_muban _fixed_save\3rdparty\paddle_inference_install_dir\paddle\include\paddle_api.h(302): warning C4100: “name”: 未引用的形参 (编译源文件 PaddleOCR\src\ocr_cls.cpp)
  c:\program files (x86)\microsoft visual studio\2017\community\vc\tools\msvc\14.16.27023\include\xstring(4373): note: 参见“std::basic_string<char,std::char_traits<char>,std::allocator<char>>”的声明 (编译源文件 PaddleOCR\src\ocr_rec.cpp)
d:\file\ocr_muban _fixed_save(penma)\ocr_muban _fixed_save\3rdparty\paddle_inference_install_dir\paddle\include\paddle_api.h(369): warning C4251: “paddle::NativeConfig::prog_file”: class“std::basic_string<char,std::char_traits<char>,std::allocator<char>>”需要有 dll 接口由 struct“paddle::NativeConfig”的客户端使用  (编译源文件 PaddleOCR\src\ocr_cls.cpp)
  c:\program files (x86)\microsoft visual studio\2017\community\vc\tools\msvc\14.16.27023\include\xstring(4373): note: 参见“std::basic_string<char,std::char_traits<char>,std::allocator<char>>”的声明 (编译源文件 PaddleOCR\src\ocr_cls.cpp)
d:\file\ocr_muban _fixed_save(penma)\ocr_muban _fixed_save\3rdparty\paddle_inference_install_dir\paddle\include\paddle_api.h(371): warning C4251: “paddle::NativeConfig::param_file”: class“std::basic_string<char,std::char_traits<char>,std::allocator<char>>”需要有 dll 接口由 struct“paddle::NativeConfig”的客户端使用  (编译源文件 PaddleOCR\src\ocr_cls.cpp)
d:\file\ocr_muban _fixed_save(penma)\ocr_muban _fixed_save\3rdparty\paddle_inference_install_dir\paddle\include\paddle_api.h(369): warning C4251: “paddle::NativeConfig::prog_file”: class“std::basic_string<char,std::char_traits<char>,std::allocator<char>>”需要有 dll 接口由 struct“paddle::NativeConfig”的客户端使用  (编译源文件 PaddleOCR\src\ocr_det.cpp)
  c:\program files (x86)\microsoft visual studio\2017\community\vc\tools\msvc\14.16.27023\include\xstring(4373): note: 参见“std::basic_string<char,std::char_traits<char>,std::allocator<char>>”的声明 (编译源文件 PaddleOCR\src\ocr_cls.cpp)
  c:\program files (x86)\microsoft visual studio\2017\community\vc\tools\msvc\14.16.27023\include\xstring(4373): note: 参见“std::basic_string<char,std::char_traits<char>,std::allocator<char>>”的声明 (编译源文件 PaddleOCR\src\ocr_det.cpp)
d:\file\ocr_muban _fixed_save(penma)\ocr_muban _fixed_save\3rdparty\paddle_inference_install_dir\paddle\include\paddle_api.h(371): warning C4251: “paddle::NativeConfig::param_file”: class“std::basic_string<char,std::char_traits<char>,std::allocator<char>>”需要有 dll 接口由 struct“paddle::NativeConfig”的客户端使用  (编译源文件 PaddleOCR\src\ocr_det.cpp)
  c:\program files (x86)\microsoft visual studio\2017\community\vc\tools\msvc\14.16.27023\include\xstring(4373): note: 参见“std::basic_string<char,std::char_traits<char>,std::allocator<char>>”的声明 (编译源文件 PaddleOCR\src\ocr_det.cpp)
d:\file\ocr_muban _fixed_save(penma)\ocr_muban _fixed_save\3rdparty\paddle_inference_install_dir\paddle\include\paddle_analysis_config.h(634): warning C4251: “paddle::AnalysisConfig::mkldnn_enabled_op_types_”: class“std::unordered_set<std::string,std::hash<_Kty>,std::equal_to<_Kty>,std::allocator<_Ty>>”需要有 dll 接口由 struct“paddle::AnalysisConfig”的客户端使用
          with
          [
              _Kty=std::string,
              _Ty=std::string
          ] (编译源文件 PaddleOCR\src\preprocess_op.cpp)
  d:\file\ocr_muban _fixed_save(penma)\ocr_muban _fixed_save\3rdparty\paddle_inference_install_dir\paddle\include\paddle_analysis_config.h(442): note: 参见“std::unordered_set<std::string,std::hash<_Kty>,std::equal_to<_Kty>,std::allocator<_Ty>>”的声明
          with
          [
              _Kty=std::string,
              _Ty=std::string
          ] (编译源文件 PaddleOCR\src\preprocess_op.cpp)
d:\file\ocr_muban _fixed_save(penma)\ocr_muban _fixed_save\3rdparty\paddle_inference_install_dir\paddle\include\paddle_analysis_config.h(651): warning C4251: “paddle::AnalysisConfig::serialized_info_cache_”: class“std::basic_string<char,std::char_traits<char>,std::allocator<char>>”需要有 dll 接口由 struct“paddle::AnalysisConfig”的客户端使用  (编译源文件 PaddleOCR\src\preprocess_op.cpp)
  c:\program files (x86)\microsoft visual studio\2017\community\vc\tools\msvc\14.16.27023\include\xstring(4373): note: 参见“std::basic_string<char,std::char_traits<char>,std::allocator<char>>”的声明 (编译源文件 PaddleOCR\src\preprocess_op.cpp)
d:\file\ocr_muban _fixed_save(penma)\ocr_muban _fixed_save\3rdparty\paddle_inference_install_dir\paddle\include\paddle_analysis_config.h(624): warning C4251: “paddle::AnalysisConfig::min_input_shape_”: class“std::map<std::string,std::vector<int,std::allocator<_Ty>>,std::less<_Kty>,std::allocator<std::pair<const _Kty,std::vector<_Ty,std::allocator<_Ty>>>>>”需要有 dll 接口由 struct“paddle::AnalysisConfig”的客户端使用
          with
          [
              _Ty=int,
              _Kty=std::string
          ] (编译源文件 PaddleOCR\src\ocr_rec.cpp)
  d:\file\ocr_muban _fixed_save(penma)\ocr_muban _fixed_save\3rdparty\paddle_inference_install_dir\paddle\include\paddle_analysis_config.h(323): note: 参见“std::map<std::string,std::vector<int,std::allocator<_Ty>>,std::less<_Kty>,std::allocator<std::pair<const _Kty,std::vector<_Ty,std::allocator<_Ty>>>>>”的声明
          with
          [
              _Ty=int,
              _Kty=std::string
          ] (编译源文件 PaddleOCR\src\ocr_rec.cpp)
d:\file\ocr_muban _fixed_save(penma)\ocr_muban _fixed_save\3rdparty\paddle_inference_install_dir\paddle\include\paddle_analysis_config.h(625): warning C4251: “paddle::AnalysisConfig::max_input_shape_”: class“std::map<std::string,std::vector<int,std::allocator<_Ty>>,std::less<_Kty>,std::allocator<std::pair<const _Kty,std::vector<_Ty,std::allocator<_Ty>>>>>”需要有 dll 接口由 struct“paddle::AnalysisConfig”的客户端使用
          with
          [
              _Ty=int,
              _Kty=std::string
          ] (编译源文件 PaddleOCR\src\ocr_rec.cpp)
  d:\file\ocr_muban _fixed_save(penma)\ocr_muban _fixed_save\3rdparty\paddle_inference_install_dir\paddle\include\paddle_analysis_config.h(323): note: 参见“std::map<std::string,std::vector<int,std::allocator<_Ty>>,std::less<_Kty>,std::allocator<std::pair<const _Kty,std::vector<_Ty,std::allocator<_Ty>>>>>”的声明
          with
          [
              _Ty=int,
              _Kty=std::string
          ] (编译源文件 PaddleOCR\src\ocr_rec.cpp)
d:\file\ocr_muban _fixed_save(penma)\ocr_muban _fixed_save\3rdparty\paddle_inference_install_dir\paddle\include\paddle_analysis_config.h(653): warning C4251: “paddle::AnalysisConfig::pass_builder_”: class“std::unique_ptr<paddle::PassStrategy,std::default_delete<_Ty>>”需要有 dll 接口由 struct“paddle::AnalysisConfig”的客户端使用
          with
          [
              _Ty=paddle::PassStrategy
          ] (编译源文件 PaddleOCR\src\preprocess_op.cpp)
  d:\file\ocr_muban _fixed_save(penma)\ocr_muban _fixed_save\3rdparty\paddle_inference_install_dir\paddle\include\paddle_analysis_config.h(653): note: 参见“std::unique_ptr<paddle::PassStrategy,std::default_delete<_Ty>>”的声明
          with
          [
              _Ty=paddle::PassStrategy
          ] (编译源文件 PaddleOCR\src\preprocess_op.cpp)
d:\file\ocr_muban _fixed_save(penma)\ocr_muban _fixed_save\3rdparty\paddle_inference_install_dir\paddle\include\paddle_analysis_config.h(626): warning C4251: “paddle::AnalysisConfig::optim_input_shape_”: class“std::map<std::string,std::vector<int,std::allocator<_Ty>>,std::less<_Kty>,std::allocator<std::pair<const _Kty,std::vector<_Ty,std::allocator<_Ty>>>>>”需要有 dll 接口由 struct“paddle::AnalysisConfig”的客户端使用
          with
          [
              _Ty=int,
              _Kty=std::string
          ] (编译源文件 PaddleOCR\src\ocr_rec.cpp)
d:\file\ocr_muban _fixed_save(penma)\ocr_muban _fixed_save\3rdparty\paddle_inference_install_dir\paddle\include\paddle_analysis_config.h(656): warning C4251: “paddle::AnalysisConfig::lite_passes_filter_”: class“std::vector<std::string,std::allocator<_Ty>>”需要有 dll 接口由 struct“paddle::AnalysisConfig”的客户端使用
          with
          [
              _Ty=std::string
          ] (编译源文件 PaddleOCR\src\preprocess_op.cpp)d:\file\ocr_muban _fixed_save(penma)\ocr_muban _fixed_save\3rdparty\paddle_inference_install_dir\paddle\include\paddle_analysis_config.h(323): note: 参见“std::map<std::string,std::vector<int,std::allocator<_Ty>>,std::less<_Kty>,std::allocator<std::pair<const _Kty,std::vector<_Ty,std::allocator<_Ty>>>>>”的声明
          with
          [
              _Ty=int,
              _Kty=std::string
          ] (编译源文件 PaddleOCR\src\ocr_rec.cpp)
  
  d:\file\ocr_muban _fixed_save(penma)\ocr_muban _fixed_save\3rdparty\paddle_inference_install_dir\paddle\include\paddle_api.h(273): note: 参见“std::vector<std::string,std::allocator<_Ty>>”的声明
          with
          [
              _Ty=std::string
          ] (编译源文件 PaddleOCR\src\preprocess_op.cpp)
d:\file\ocr_muban _fixed_save(penma)\ocr_muban _fixed_save\3rdparty\paddle_inference_install_dir\paddle\include\paddle_analysis_config.h(627): warning C4251: “paddle::AnalysisConfig::trt_disabled_ops_”: class“std::vector<std::string,std::allocator<_Ty>>”需要有 dll 接口由 struct“paddle::AnalysisConfig”的客户端使用
          with
          [
              _Ty=std::string
          ] (编译源文件 PaddleOCR\src\ocr_rec.cpp)d:\file\ocr_muban _fixed_save(penma)\ocr_muban _fixed_save\3rdparty\paddle_inference_install_dir\paddle\include\paddle_analysis_config.h(657): warning C4251: “paddle::AnalysisConfig::lite_ops_filter_”: class“std::vector<std::string,std::allocator<_Ty>>”需要有 dll 接口由 struct“paddle::AnalysisConfig”的客户端使用 
          with
          [
              _Ty=std::string
          ] (编译源文件 PaddleOCR\src\preprocess_op.cpp)
  d:\file\ocr_muban _fixed_save(penma)\ocr_muban _fixed_save\3rdparty\paddle_inference_install_dir\paddle\include\paddle_api.h(273): note: 参见“std::vector<std::string,std::allocator<_Ty>>”的声明
          with
          [
              _Ty=std::string
          ] (编译源文件 PaddleOCR\src\preprocess_op.cpp)
  
  d:\file\ocr_muban _fixed_save(penma)\ocr_muban _fixed_save\3rdparty\paddle_inference_install_dir\paddle\include\paddle_api.h(273): note: 参见“std::vector<std::string,std::allocator<_Ty>>”的声明
          with
          [
              _Ty=std::string
          ] (编译源文件 PaddleOCR\src\ocr_rec.cpp)
d:\file\ocr_muban _fixed_save(penma)\ocr_muban _fixed_save\3rdparty\paddle_inference_install_dir\paddle\include\paddle_analysis_config.h(668): warning C4251: “paddle::AnalysisConfig::mkldnn_quantizer_config_”: class“std::shared_ptr<paddle::MkldnnQuantizerConfig>”需要有 dll 接口由 struct“paddle::AnalysisConfig”的客户端使用  (编译源文件 PaddleOCR\src\preprocess_op.cpp)
  d:\file\ocr_muban _fixed_save(penma)\ocr_muban _fixed_save\3rdparty\paddle_inference_install_dir\paddle\include\paddle_analysis_config.h(668): note: 参见“std::shared_ptr<paddle::MkldnnQuantizerConfig>”的声明 (编译源文件 PaddleOCR\src\preprocess_op.cpp)
d:\file\ocr_muban _fixed_save(penma)\ocr_muban _fixed_save\3rdparty\paddle_inference_install_dir\paddle\include\paddle_analysis_config.h(670): warning C4251: “paddle::AnalysisConfig::bfloat16_enabled_op_types_”: class“std::unordered_set<std::string,std::hash<_Kty>,std::equal_to<_Kty>,std::allocator<_Ty>>”需要有 dll 接口由 struct“paddle::AnalysisConfig”的客户端使用
          with
          [
              _Kty=std::string,
              _Ty=std::string
          ] (编译源文件 PaddleOCR\src\preprocess_op.cpp)
  d:\file\ocr_muban _fixed_save(penma)\ocr_muban _fixed_save\3rdparty\paddle_inference_install_dir\paddle\include\paddle_analysis_config.h(442): note: 参见“std::unordered_set<std::string,std::hash<_Kty>,std::equal_to<_Kty>,std::allocator<_Ty>>”的声明
          with
          [
              _Kty=std::string,
              _Ty=std::string
          ] (编译源文件 PaddleOCR\src\preprocess_op.cpp)
d:\file\ocr_muban _fixed_save(penma)\ocr_muban _fixed_save\3rdparty\paddle_inference_install_dir\paddle\include\paddle_analysis_config.h(677): warning C4251: “paddle::AnalysisConfig::opt_cache_dir_”: class“std::basic_string<char,std::char_traits<char>,std::allocator<char>>”需要有 dll 接口由 struct“paddle::AnalysisConfig”的客户端使用  (编译源文件 PaddleOCR\src\preprocess_op.cpp)
  c:\program files (x86)\microsoft visual studio\2017\community\vc\tools\msvc\14.16.27023\include\xstring(4373): note: 参见“std::basic_string<char,std::char_traits<char>,std::allocator<char>>”的声明 (编译源文件 PaddleOCR\src\preprocess_op.cpp)
d:\file\ocr_muban _fixed_save(penma)\ocr_muban _fixed_save\3rdparty\paddle_inference_install_dir\paddle\include\paddle_pass_builder.h(110): warning C4251: “paddle::PaddlePassBuilder::analysis_passes_”: class“std::vector<std::string,std::allocator<_Ty>>”需要有 dll 接口由 class“paddle::PaddlePassBuilder”的客户端使用
          with
          [
              _Ty=std::string
          ] (编译源文件 PaddleOCR\src\ocr_det.cpp)
  d:\file\ocr_muban _fixed_save(penma)\ocr_muban _fixed_save\3rdparty\paddle_inference_install_dir\paddle\include\paddle_api.h(273): note: 参见“std::vector<std::string,std::allocator<_Ty>>”的声明
          with
          [
              _Ty=std::string
          ] (编译源文件 PaddleOCR\src\ocr_det.cpp)
d:\file\ocr_muban _fixed_save(penma)\ocr_muban _fixed_save\3rdparty\paddle_inference_install_dir\paddle\include\paddle_pass_builder.h(111): warning C4251: “paddle::PaddlePassBuilder::passes_”: class“std::vector<std::string,std::allocator<_Ty>>”需要有 dll 接口由 class“paddle::PaddlePassBuilder”的客户端使用
          with
          [
              _Ty=std::string
          ] (编译源文件 PaddleOCR\src\ocr_det.cpp)
  d:\file\ocr_muban _fixed_save(penma)\ocr_muban _fixed_save\3rdparty\paddle_inference_install_dir\paddle\include\paddle_api.h(273): note: 参见“std::vector<std::string,std::allocator<_Ty>>”的声明
          with
          [
              _Ty=std::string
          ] (编译源文件 PaddleOCR\src\ocr_det.cpp)
d:\file\ocr_muban _fixed_save(penma)\ocr_muban _fixed_save\3rdparty\paddle_inference_install_dir\paddle\include\paddle_analysis_config.h(210): warning C4244: “return”: 从“const uint64_t”转换到“int”，可能丢失数据 (编译源文件 PaddleOCR\src\preprocess_op.cpp)
d:\file\ocr_muban _fixed_save(penma)\ocr_muban _fixed_save\3rdparty\paddle_inference_install_dir\paddle\include\paddle_pass_builder.h(110): warning C4251: “paddle::PaddlePassBuilder::analysis_passes_”: class“std::vector<std::string,std::allocator<_Ty>>”需要有 dll 接口由 class“paddle::PaddlePassBuilder”的客户端使用
          with
          [
              _Ty=std::string
          ] (编译源文件 PaddleOCR\src\ocr_cls.cpp)
  d:\file\ocr_muban _fixed_save(penma)\ocr_muban _fixed_save\3rdparty\paddle_inference_install_dir\paddle\include\paddle_api.h(273): note: 参见“std::vector<std::string,std::allocator<_Ty>>”的声明
          with
          [
              _Ty=std::string
          ] (编译源文件 PaddleOCR\src\ocr_cls.cpp)
d:\file\ocr_muban _fixed_save(penma)\ocr_muban _fixed_save\3rdparty\paddle_inference_install_dir\paddle\include\paddle_pass_builder.h(111): warning C4251: “paddle::PaddlePassBuilder::passes_”: class“std::vector<std::string,std::allocator<_Ty>>”需要有 dll 接口由 class“paddle::PaddlePassBuilder”的客户端使用
          with
          [
              _Ty=std::string
          ] (编译源文件 PaddleOCR\src\ocr_cls.cpp)
  d:\file\ocr_muban _fixed_save(penma)\ocr_muban _fixed_save\3rdparty\paddle_inference_install_dir\paddle\include\paddle_api.h(273): note: 参见“std::vector<std::string,std::allocator<_Ty>>”的声明
          with
          [
              _Ty=std::string
          ] (编译源文件 PaddleOCR\src\ocr_cls.cpp)
d:\file\ocr_muban _fixed_save(penma)\ocr_muban _fixed_save\3rdparty\paddle_inference_install_dir\paddle\include\paddle_inference_api.h(133): warning C4251: “paddle_infer::Tensor::tensor_”: class“std::unique_ptr<paddle::ZeroCopyTensor,std::default_delete<_Ty>>”需要有 dll 接口由 class“paddle_infer::Tensor”的客户端使用
          with
          [
              _Ty=paddle::ZeroCopyTensor
          ] (编译源文件 PaddleOCR\src\preprocess_op.cpp)
  d:\file\ocr_muban _fixed_save(penma)\ocr_muban _fixed_save\3rdparty\paddle_inference_install_dir\paddle\include\paddle_api.h(291): note: 参见“std::unique_ptr<paddle::ZeroCopyTensor,std::default_delete<_Ty>>”的声明
          with
          [
              _Ty=paddle::ZeroCopyTensor
          ] (编译源文件 PaddleOCR\src\preprocess_op.cpp)
d:\file\ocr_muban _fixed_save(penma)\ocr_muban _fixed_save\3rdparty\paddle_inference_install_dir\paddle\include\paddle_analysis_config.h(588): warning C4251: “paddle::AnalysisConfig::model_dir_”: class“std::basic_string<char,std::char_traits<char>,std::allocator<char>>”需要有 dll 接口由 struct“paddle::AnalysisConfig”的客户端使用  (编译源文件 PaddleOCR\src\ocr_det.cpp)
  c:\program files (x86)\microsoft visual studio\2017\community\vc\tools\msvc\14.16.27023\include\xstring(4373): note: 参见“std::basic_string<char,std::char_traits<char>,std::allocator<char>>”的声明 (编译源文件 PaddleOCR\src\ocr_det.cpp)
d:\file\ocr_muban _fixed_save(penma)\ocr_muban _fixed_save\3rdparty\paddle_inference_install_dir\paddle\include\paddle_analysis_config.h(589): warning C4251: “paddle::AnalysisConfig::prog_file_”: class“std::basic_string<char,std::char_traits<char>,std::allocator<char>>”需要有 dll 接口由 struct“paddle::AnalysisConfig”的客户端使用  (编译源文件 PaddleOCR\src\ocr_det.cpp)
  c:\program files (x86)\microsoft visual studio\2017\community\vc\tools\msvc\14.16.27023\include\xstring(4373): note: 参见“std::basic_string<char,std::char_traits<char>,std::allocator<char>>”的声明 (编译源文件 PaddleOCR\src\ocr_det.cpp)
d:\file\ocr_muban _fixed_save(penma)\ocr_muban _fixed_save\3rdparty\paddle_inference_install_dir\paddle\include\paddle_analysis_config.h(590): warning C4251: “paddle::AnalysisConfig::params_file_”: class“std::basic_string<char,std::char_traits<char>,std::allocator<char>>”需要有 dll 接口由 struct“paddle::AnalysisConfig”的客户端使用  (编译源文件 PaddleOCR\src\ocr_det.cpp)
  c:\program files (x86)\microsoft visual studio\2017\community\vc\tools\msvc\14.16.27023\include\xstring(4373): note: 参见“std::basic_string<char,std::char_traits<char>,std::allocator<char>>”的声明 (编译源文件 PaddleOCR\src\ocr_det.cpp)
d:\file\ocr_muban _fixed_save(penma)\ocr_muban _fixed_save\3rdparty\paddle_inference_install_dir\paddle\include\paddle_inference_api.h(239): warning C4251: “paddle_infer::Predictor::predictor_”: class“std::unique_ptr<paddle::PaddlePredictor,std::default_delete<_Ty>>”需要有 dll 接口由 class“paddle_infer::Predictor”的客户端使用
          with
          [
              _Ty=paddle::PaddlePredictor
          ] (编译源文件 PaddleOCR\src\preprocess_op.cpp)
  d:\file\ocr_muban _fixed_save(penma)\ocr_muban _fixed_save\3rdparty\paddle_inference_install_dir\paddle\include\paddle_api.h(337): note: 参见“std::unique_ptr<paddle::PaddlePredictor,std::default_delete<_Ty>>”的声明
          with
          [
              _Ty=paddle::PaddlePredictor
          ] (编译源文件 PaddleOCR\src\preprocess_op.cpp)
d:\file\ocr_muban _fixed_save(penma)\ocr_muban _fixed_save\3rdparty\paddle_inference_install_dir\paddle\include\paddle_analysis_config.h(588): warning C4251: “paddle::AnalysisConfig::model_dir_”: class“std::basic_string<char,std::char_traits<char>,std::allocator<char>>”需要有 dll 接口由 struct“paddle::AnalysisConfig”的客户端使用  (编译源文件 PaddleOCR\src\ocr_cls.cpp)
  c:\program files (x86)\microsoft visual studio\2017\community\vc\tools\msvc\14.16.27023\include\xstring(4373): note: 参见“std::basic_string<char,std::char_traits<char>,std::allocator<char>>”的声明 (编译源文件 PaddleOCR\src\ocr_cls.cpp)
d:\file\ocr_muban _fixed_save(penma)\ocr_muban _fixed_save\3rdparty\paddle_inference_install_dir\paddle\include\paddle_analysis_config.h(589): warning C4251: “paddle::AnalysisConfig::prog_file_”: class“std::basic_string<char,std::char_traits<char>,std::allocator<char>>”需要有 dll 接口由 struct“paddle::AnalysisConfig”的客户端使用  (编译源文件 PaddleOCR\src\ocr_cls.cpp)
d:\file\ocr_muban _fixed_save(penma)\ocr_muban _fixed_save\3rdparty\paddle_inference_install_dir\paddle\include\paddle_analysis_config.h(634): warning C4251: “paddle::AnalysisConfig::mkldnn_enabled_op_types_”: class“std::unordered_set<std::string,std::hash<_Kty>,std::equal_to<_Kty>,std::allocator<_Ty>>”需要有 dll 接口由 struct“paddle::AnalysisConfig”的客户端使用
          with
          [
              _Kty=std::string,
              _Ty=std::string
          ] (编译源文件 PaddleOCR\src\ocr_rec.cpp)
  d:\file\ocr_muban _fixed_save(penma)\ocr_muban _fixed_save\3rdparty\paddle_inference_install_dir\paddle\include\paddle_analysis_config.h(442): note: 参见“std::unordered_set<std::string,std::hash<_Kty>,std::equal_to<_Kty>,std::allocator<_Ty>>”的声明
          with
          [
              _Kty=std::string,
              _Ty=std::string
          ] (编译源文件 PaddleOCR\src\ocr_rec.cpp)
  c:\program files (x86)\microsoft visual studio\2017\community\vc\tools\msvc\14.16.27023\include\xstring(4373): note: 参见“std::basic_string<char,std::char_traits<char>,std::allocator<char>>”的声明 (编译源文件 PaddleOCR\src\ocr_cls.cpp)
d:\file\ocr_muban _fixed_save(penma)\ocr_muban _fixed_save\3rdparty\paddle_inference_install_dir\paddle\include\paddle_analysis_config.h(590): warning C4251: “paddle::AnalysisConfig::params_file_”: class“std::basic_string<char,std::char_traits<char>,std::allocator<char>>”需要有 dll 接口由 struct“paddle::AnalysisConfig”的客户端使用  (编译源文件 PaddleOCR\src\ocr_cls.cpp)
d:\file\ocr_muban _fixed_save(penma)\ocr_muban _fixed_save\3rdparty\paddle_inference_install_dir\paddle\include\paddle_analysis_config.h(651): warning C4251: “paddle::AnalysisConfig::serialized_info_cache_”: class“std::basic_string<char,std::char_traits<char>,std::allocator<char>>”需要有 dll 接口由 struct“paddle::AnalysisConfig”的客户端使用  (编译源文件 PaddleOCR\src\ocr_rec.cpp)
  c:\program files (x86)\microsoft visual studio\2017\community\vc\tools\msvc\14.16.27023\include\xstring(4373): note: 参见“std::basic_string<char,std::char_traits<char>,std::allocator<char>>”的声明 (编译源文件 PaddleOCR\src\ocr_cls.cpp)
d:\file\ocr_muban _fixed_save(penma)\ocr_muban _fixed_save\3rdparty\paddle_inference_install_dir\paddle\include\paddle_inference_api.h(307): warning C4251: “paddle_infer::services::PredictorPool::main_pred_”: class“std::shared_ptr<paddle_infer::Predictor>”需要有 dll 接口由 class“paddle_infer::services::PredictorPool”的客户端使用  (编译源文件 PaddleOCR\src\preprocess_op.cpp)
  c:\program files (x86)\microsoft visual studio\2017\community\vc\tools\msvc\14.16.27023\include\xstring(4373): note: 参见“std::basic_string<char,std::char_traits<char>,std::allocator<char>>”的声明 (编译源文件 PaddleOCR\src\ocr_rec.cpp)
  d:\file\ocr_muban _fixed_save(penma)\ocr_muban _fixed_save\3rdparty\paddle_inference_install_dir\paddle\include\paddle_inference_api.h(253): note: 参见“std::shared_ptr<paddle_infer::Predictor>”的声明 (编译源文件 PaddleOCR\src\preprocess_op.cpp)
d:\file\ocr_muban _fixed_save(penma)\ocr_muban _fixed_save\3rdparty\paddle_inference_install_dir\paddle\include\paddle_analysis_config.h(624): warning C4251: “paddle::AnalysisConfig::min_input_shape_”: class“std::map<std::string,std::vector<int,std::allocator<_Ty>>,std::less<_Kty>,std::allocator<std::pair<const _Kty,std::vector<_Ty,std::allocator<_Ty>>>>>”需要有 dll 接口由 struct“paddle::AnalysisConfig”的客户端使用
          with
          [
              _Ty=int,
              _Kty=std::string
          ] (编译源文件 PaddleOCR\src\ocr_det.cpp)
  d:\file\ocr_muban _fixed_save(penma)\ocr_muban _fixed_save\3rdparty\paddle_inference_install_dir\paddle\include\paddle_analysis_config.h(323): note: 参见“std::map<std::string,std::vector<int,std::allocator<_Ty>>,std::less<_Kty>,std::allocator<std::pair<const _Kty,std::vector<_Ty,std::allocator<_Ty>>>>>”的声明
          with
          [
              _Ty=int,
              _Kty=std::string
          ] (编译源文件 PaddleOCR\src\ocr_det.cpp)
d:\file\ocr_muban _fixed_save(penma)\ocr_muban _fixed_save\3rdparty\paddle_inference_install_dir\paddle\include\paddle_analysis_config.h(625): warning C4251: “paddle::AnalysisConfig::max_input_shape_”: class“std::map<std::string,std::vector<int,std::allocator<_Ty>>,std::less<_Kty>,std::allocator<std::pair<const _Kty,std::vector<_Ty,std::allocator<_Ty>>>>>”需要有 dll 接口由 struct“paddle::AnalysisConfig”的客户端使用
          with
          [
              _Ty=int,
              _Kty=std::string
          ] (编译源文件 PaddleOCR\src\ocr_det.cpp)
  d:\file\ocr_muban _fixed_save(penma)\ocr_muban _fixed_save\3rdparty\paddle_inference_install_dir\paddle\include\paddle_analysis_config.h(323): note: 参见“std::map<std::string,std::vector<int,std::allocator<_Ty>>,std::less<_Kty>,std::allocator<std::pair<const _Kty,std::vector<_Ty,std::allocator<_Ty>>>>>”的声明
          with
          [
              _Ty=int,
              _Kty=std::string
          ] (编译源文件 PaddleOCR\src\ocr_det.cpp)
d:\file\ocr_muban _fixed_save(penma)\ocr_muban _fixed_save\3rdparty\paddle_inference_install_dir\paddle\include\paddle_analysis_config.h(626): warning C4251: “paddle::AnalysisConfig::optim_input_shape_”: class“std::map<std::string,std::vector<int,std::allocator<_Ty>>,std::less<_Kty>,std::allocator<std::pair<const _Kty,std::vector<_Ty,std::allocator<_Ty>>>>>”需要有 dll 接口由 struct“paddle::AnalysisConfig”的客户端使用
          with
          [
              _Ty=int,
              _Kty=std::string
          ] (编译源文件 PaddleOCR\src\ocr_det.cpp)
  d:\file\ocr_muban _fixed_save(penma)\ocr_muban _fixed_save\3rdparty\paddle_inference_install_dir\paddle\include\paddle_analysis_config.h(323): note: 参见“std::map<std::string,std::vector<int,std::allocator<_Ty>>,std::less<_Kty>,std::allocator<std::pair<const _Kty,std::vector<_Ty,std::allocator<_Ty>>>>>”的声明
          with
          [
              _Ty=int,
              _Kty=std::string
          ] (编译源文件 PaddleOCR\src\ocr_det.cpp)
d:\file\ocr_muban _fixed_save(penma)\ocr_muban _fixed_save\3rdparty\paddle_inference_install_dir\paddle\include\paddle_inference_api.h(308): warning C4251: “paddle_infer::services::PredictorPool::preds_”: class“std::vector<std::unique_ptr<paddle_infer::Predictor,std::default_delete<_Ty>>,std::allocator<std::unique_ptr<_Ty,std::default_delete<_Ty>>>>”需要有 dll 接口由 class“paddle_infer::services::PredictorPool”的客户端使用
          with
          [
              _Ty=paddle_infer::Predictor
          ] (编译源文件 PaddleOCR\src\preprocess_op.cpp)
d:\file\ocr_muban _fixed_save(penma)\ocr_muban _fixed_save\3rdparty\paddle_inference_install_dir\paddle\include\paddle_analysis_config.h(627): warning C4251: “paddle::AnalysisConfig::trt_disabled_ops_”: class“std::vector<std::string,std::allocator<_Ty>>”需要有 dll 接口由 struct“paddle::AnalysisConfig”的客户端使用
          with
          [
              _Ty=std::string
          ] (编译源文件 PaddleOCR\src\ocr_det.cpp)
  d:\file\ocr_muban _fixed_save(penma)\ocr_muban _fixed_save\3rdparty\paddle_inference_install_dir\paddle\include\paddle_inference_api.h(308): note: 参见“std::vector<std::unique_ptr<paddle_infer::Predictor,std::default_delete<_Ty>>,std::allocator<std::unique_ptr<_Ty,std::default_delete<_Ty>>>>”的声明
          with
          [
              _Ty=paddle_infer::Predictor
          ] (编译源文件 PaddleOCR\src\preprocess_op.cpp)
  d:\file\ocr_muban _fixed_save(penma)\ocr_muban _fixed_save\3rdparty\paddle_inference_install_dir\paddle\include\paddle_api.h(273): note: 参见“std::vector<std::string,std::allocator<_Ty>>”的声明
          with
          [
              _Ty=std::string
          ] (编译源文件 PaddleOCR\src\ocr_det.cpp)
d:\file\ocr_muban _fixed_save(penma)\ocr_muban _fixed_save\3rdparty\paddle_inference_install_dir\paddle\include\paddle_analysis_config.h(624): warning C4251: “paddle::AnalysisConfig::min_input_shape_”: class“std::map<std::string,std::vector<int,std::allocator<_Ty>>,std::less<_Kty>,std::allocator<std::pair<const _Kty,std::vector<_Ty,std::allocator<_Ty>>>>>”需要有 dll 接口由 struct“paddle::AnalysisConfig”的客户端使用
          with
          [
              _Ty=int,
              _Kty=std::string
          ] (编译源文件 PaddleOCR\src\ocr_cls.cpp)
  d:\file\ocr_muban _fixed_save(penma)\ocr_muban _fixed_save\3rdparty\paddle_inference_install_dir\paddle\include\paddle_analysis_config.h(323): note: 参见“std::map<std::string,std::vector<int,std::allocator<_Ty>>,std::less<_Kty>,std::allocator<std::pair<const _Kty,std::vector<_Ty,std::allocator<_Ty>>>>>”的声明
          with
          [
              _Ty=int,
              _Kty=std::string
          ] (编译源文件 PaddleOCR\src\ocr_cls.cpp)
d:\file\ocr_muban _fixed_save(penma)\ocr_muban _fixed_save\3rdparty\paddle_inference_install_dir\paddle\include\paddle_analysis_config.h(625): warning C4251: “paddle::AnalysisConfig::max_input_shape_”: class“std::map<std::string,std::vector<int,std::allocator<_Ty>>,std::less<_Kty>,std::allocator<std::pair<const _Kty,std::vector<_Ty,std::allocator<_Ty>>>>>”需要有 dll 接口由 struct“paddle::AnalysisConfig”的客户端使用
          with
          [
              _Ty=int,
              _Kty=std::string
          ] (编译源文件 PaddleOCR\src\ocr_cls.cpp)
  d:\file\ocr_muban _fixed_save(penma)\ocr_muban _fixed_save\3rdparty\paddle_inference_install_dir\paddle\include\paddle_analysis_config.h(323): note: 参见“std::map<std::string,std::vector<int,std::allocator<_Ty>>,std::less<_Kty>,std::allocator<std::pair<const _Kty,std::vector<_Ty,std::allocator<_Ty>>>>>”的声明
          with
          [
              _Ty=int,
              _Kty=std::string
          ] (编译源文件 PaddleOCR\src\ocr_cls.cpp)
d:\file\ocr_muban _fixed_save(penma)\ocr_muban _fixed_save\3rdparty\paddle_inference_install_dir\paddle\include\paddle_analysis_config.h(626): warning C4251: “paddle::AnalysisConfig::optim_input_shape_”: class“std::map<std::string,std::vector<int,std::allocator<_Ty>>,std::less<_Kty>,std::allocator<std::pair<const _Kty,std::vector<_Ty,std::allocator<_Ty>>>>>”需要有 dll 接口由 struct“paddle::AnalysisConfig”的客户端使用
          with
          [
              _Ty=int,
              _Kty=std::string
          ] (编译源文件 PaddleOCR\src\ocr_cls.cpp)
  d:\file\ocr_muban _fixed_save(penma)\ocr_muban _fixed_save\3rdparty\paddle_inference_install_dir\paddle\include\paddle_analysis_config.h(323): note: 参见“std::map<std::string,std::vector<int,std::allocator<_Ty>>,std::less<_Kty>,std::allocator<std::pair<const _Kty,std::vector<_Ty,std::allocator<_Ty>>>>>”的声明
          with
          [
              _Ty=int,
              _Kty=std::string
          ] (编译源文件 PaddleOCR\src\ocr_cls.cpp)
d:\file\ocr_muban _fixed_save(penma)\ocr_muban _fixed_save\3rdparty\paddle_inference_install_dir\paddle\include\paddle_analysis_config.h(627): warning C4251: “paddle::AnalysisConfig::trt_disabled_ops_”: class“std::vector<std::string,std::allocator<_Ty>>”需要有 dll 接口由 struct“paddle::AnalysisConfig”的客户端使用
          with
          [
              _Ty=std::string
          ] (编译源文件 PaddleOCR\src\ocr_cls.cpp)
  d:\file\ocr_muban _fixed_save(penma)\ocr_muban _fixed_save\3rdparty\paddle_inference_install_dir\paddle\include\paddle_api.h(273): note: 参见“std::vector<std::string,std::allocator<_Ty>>”的声明
          with
          [
              _Ty=std::string
          ] (编译源文件 PaddleOCR\src\ocr_cls.cpp)
d:\file\ocr_muban _fixed_save(penma)\ocr_muban _fixed_save\3rdparty\paddle_inference_install_dir\paddle\include\paddle_analysis_config.h(653): warning C4251: “paddle::AnalysisConfig::pass_builder_”: class“std::unique_ptr<paddle::PassStrategy,std::default_delete<_Ty>>”需要有 dll 接口由 struct“paddle::AnalysisConfig”的客户端使用
          with
          [
              _Ty=paddle::PassStrategy
          ] (编译源文件 PaddleOCR\src\ocr_rec.cpp)
  d:\file\ocr_muban _fixed_save(penma)\ocr_muban _fixed_save\3rdparty\paddle_inference_install_dir\paddle\include\paddle_analysis_config.h(653): note: 参见“std::unique_ptr<paddle::PassStrategy,std::default_delete<_Ty>>”的声明
          with
          [
              _Ty=paddle::PassStrategy
          ] (编译源文件 PaddleOCR\src\ocr_rec.cpp)
d:\file\ocr_muban _fixed_save(penma)\ocr_muban _fixed_save\3rdparty\paddle_inference_install_dir\paddle\include\paddle_analysis_config.h(656): warning C4251: “paddle::AnalysisConfig::lite_passes_filter_”: class“std::vector<std::string,std::allocator<_Ty>>”需要有 dll 接口由 struct“paddle::AnalysisConfig”的客户端使用
          with
          [
              _Ty=std::string
          ] (编译源文件 PaddleOCR\src\ocr_rec.cpp)
d:\file\ocr_muban _fixed_save(penma)\ocr_muban _fixed_save\3rdparty\paddle_inference_install_dir\paddle\include\paddle_analysis_config.h(634): warning C4251: “paddle::AnalysisConfig::mkldnn_enabled_op_types_”: class“std::unordered_set<std::string,std::hash<_Kty>,std::equal_to<_Kty>,std::allocator<_Ty>>”需要有 dll 接口由 struct“paddle::AnalysisConfig”的客户端使用
          with
          [
              _Kty=std::string,
              _Ty=std::string
          ] (编译源文件 PaddleOCR\src\ocr_det.cpp)
  d:\file\ocr_muban _fixed_save(penma)\ocr_muban _fixed_save\3rdparty\paddle_inference_install_dir\paddle\include\paddle_api.h(273): note: 参见“std::vector<std::string,std::allocator<_Ty>>”的声明
          with
          [
              _Ty=std::string
          ] (编译源文件 PaddleOCR\src\ocr_rec.cpp)
  d:\file\ocr_muban _fixed_save(penma)\ocr_muban _fixed_save\3rdparty\paddle_inference_install_dir\paddle\include\paddle_analysis_config.h(442): note: 参见“std::unordered_set<std::string,std::hash<_Kty>,std::equal_to<_Kty>,std::allocator<_Ty>>”的声明
          with
          [
              _Kty=std::string,
              _Ty=std::string
          ] (编译源文件 PaddleOCR\src\ocr_det.cpp)
d:\file\ocr_muban _fixed_save(penma)\ocr_muban _fixed_save\3rdparty\paddle_inference_install_dir\paddle\include\paddle_analysis_config.h(657): warning C4251: “paddle::AnalysisConfig::lite_ops_filter_”: class“std::vector<std::string,std::allocator<_Ty>>”需要有 dll 接口由 struct“paddle::AnalysisConfig”的客户端使用
          with
          [
              _Ty=std::string
          ] (编译源文件 PaddleOCR\src\ocr_rec.cpp)
  d:\file\ocr_muban _fixed_save(penma)\ocr_muban _fixed_save\3rdparty\paddle_inference_install_dir\paddle\include\paddle_api.h(273): note: 参见“std::vector<std::string,std::allocator<_Ty>>”的声明
          with
          [
              _Ty=std::string
          ] (编译源文件 PaddleOCR\src\ocr_rec.cpp)
d:\file\ocr_muban _fixed_save(penma)\ocr_muban _fixed_save\3rdparty\paddle_inference_install_dir\paddle\include\paddle_analysis_config.h(651): warning C4251: “paddle::AnalysisConfig::serialized_info_cache_”: class“std::basic_string<char,std::char_traits<char>,std::allocator<char>>”需要有 dll 接口由 struct“paddle::AnalysisConfig”的客户端使用  (编译源文件 PaddleOCR\src\ocr_det.cpp)
  c:\program files (x86)\microsoft visual studio\2017\community\vc\tools\msvc\14.16.27023\include\xstring(4373): note: 参见“std::basic_string<char,std::char_traits<char>,std::allocator<char>>”的声明 (编译源文件 PaddleOCR\src\ocr_det.cpp)
d:\file\ocr_muban _fixed_save(penma)\ocr_muban _fixed_save\3rdparty\paddle_inference_install_dir\paddle\include\paddle_analysis_config.h(668): warning C4251: “paddle::AnalysisConfig::mkldnn_quantizer_config_”: class“std::shared_ptr<paddle::MkldnnQuantizerConfig>”需要有 dll 接口由 struct“paddle::AnalysisConfig”的客户端使用  (编译源文件 PaddleOCR\src\ocr_rec.cpp)
  d:\file\ocr_muban _fixed_save(penma)\ocr_muban _fixed_save\3rdparty\paddle_inference_install_dir\paddle\include\paddle_analysis_config.h(668): note: 参见“std::shared_ptr<paddle::MkldnnQuantizerConfig>”的声明 (编译源文件 PaddleOCR\src\ocr_rec.cpp)
d:\file\ocr_muban _fixed_save(penma)\ocr_muban _fixed_save\3rdparty\paddle_inference_install_dir\paddle\include\paddle_analysis_config.h(653): warning C4251: “paddle::AnalysisConfig::pass_builder_”: class“std::unique_ptr<paddle::PassStrategy,std::default_delete<_Ty>>”需要有 dll 接口由 struct“paddle::AnalysisConfig”的客户端使用
          with
          [
              _Ty=paddle::PassStrategy
          ] (编译源文件 PaddleOCR\src\ocr_det.cpp)
  d:\file\ocr_muban _fixed_save(penma)\ocr_muban _fixed_save\3rdparty\paddle_inference_install_dir\paddle\include\paddle_analysis_config.h(653): note: 参见“std::unique_ptr<paddle::PassStrategy,std::default_delete<_Ty>>”的声明
          with
          [
              _Ty=paddle::PassStrategy
          ] (编译源文件 PaddleOCR\src\ocr_det.cpp)
d:\file\ocr_muban _fixed_save(penma)\ocr_muban _fixed_save\3rdparty\paddle_inference_install_dir\paddle\include\paddle_analysis_config.h(656): warning C4251: “paddle::AnalysisConfig::lite_passes_filter_”: class“std::vector<std::string,std::allocator<_Ty>>”需要有 dll 接口由 struct“paddle::AnalysisConfig”的客户端使用
          with
          [
              _Ty=std::string
          ] (编译源文件 PaddleOCR\src\ocr_det.cpp)
  d:\file\ocr_muban _fixed_save(penma)\ocr_muban _fixed_save\3rdparty\paddle_inference_install_dir\paddle\include\paddle_api.h(273): note: 参见“std::vector<std::string,std::allocator<_Ty>>”的声明
          with
          [
              _Ty=std::string
          ] (编译源文件 PaddleOCR\src\ocr_det.cpp)
d:\file\ocr_muban _fixed_save(penma)\ocr_muban _fixed_save\3rdparty\paddle_inference_install_dir\paddle\include\paddle_analysis_config.h(657): warning C4251: “paddle::AnalysisConfig::lite_ops_filter_”: class“std::vector<std::string,std::allocator<_Ty>>”需要有 dll 接口由 struct“paddle::AnalysisConfig”的客户端使用
          with
          [
              _Ty=std::string
          ] (编译源文件 PaddleOCR\src\ocr_det.cpp)
  d:\file\ocr_muban _fixed_save(penma)\ocr_muban _fixed_save\3rdparty\paddle_inference_install_dir\paddle\include\paddle_api.h(273): note: 参见“std::vector<std::string,std::allocator<_Ty>>”的声明
          with
          [
              _Ty=std::string
          ] (编译源文件 PaddleOCR\src\ocr_det.cpp)
d:\file\ocr_muban _fixed_save(penma)\ocr_muban _fixed_save\3rdparty\paddle_inference_install_dir\paddle\include\paddle_analysis_config.h(670): warning C4251: “paddle::AnalysisConfig::bfloat16_enabled_op_types_”: class“std::unordered_set<std::string,std::hash<_Kty>,std::equal_to<_Kty>,std::allocator<_Ty>>”需要有 dll 接口由 struct“paddle::AnalysisConfig”的客户端使用
          with
          [
              _Kty=std::string,
              _Ty=std::string
          ] (编译源文件 PaddleOCR\src\ocr_rec.cpp)
  d:\file\ocr_muban _fixed_save(penma)\ocr_muban _fixed_save\3rdparty\paddle_inference_install_dir\paddle\include\paddle_analysis_config.h(442): note: 参见“std::unordered_set<std::string,std::hash<_Kty>,std::equal_to<_Kty>,std::allocator<_Ty>>”的声明
          with
          [
              _Kty=std::string,
              _Ty=std::string
          ] (编译源文件 PaddleOCR\src\ocr_rec.cpp)
d:\file\ocr_muban _fixed_save(penma)\ocr_muban _fixed_save\3rdparty\paddle_inference_install_dir\paddle\include\paddle_analysis_config.h(677): warning C4251: “paddle::AnalysisConfig::opt_cache_dir_”: class“std::basic_string<char,std::char_traits<char>,std::allocator<char>>”需要有 dll 接口由 struct“paddle::AnalysisConfig”的客户端使用  (编译源文件 PaddleOCR\src\ocr_rec.cpp)
  c:\program files (x86)\microsoft visual studio\2017\community\vc\tools\msvc\14.16.27023\include\xstring(4373): note: 参见“std::basic_string<char,std::char_traits<char>,std::allocator<char>>”的声明 (编译源文件 PaddleOCR\src\ocr_rec.cpp)
d:\file\ocr_muban _fixed_save(penma)\ocr_muban _fixed_save\3rdparty\paddle_inference_install_dir\paddle\include\paddle_analysis_config.h(668): warning C4251: “paddle::AnalysisConfig::mkldnn_quantizer_config_”: class“std::shared_ptr<paddle::MkldnnQuantizerConfig>”需要有 dll 接口由 struct“paddle::AnalysisConfig”的客户端使用  (编译源文件 PaddleOCR\src\ocr_det.cpp)
  d:\file\ocr_muban _fixed_save(penma)\ocr_muban _fixed_save\3rdparty\paddle_inference_install_dir\paddle\include\paddle_analysis_config.h(668): note: 参见“std::shared_ptr<paddle::MkldnnQuantizerConfig>”的声明 (编译源文件 PaddleOCR\src\ocr_det.cpp)
d:\file\ocr_muban _fixed_save(penma)\ocr_muban _fixed_save\3rdparty\paddle_inference_install_dir\paddle\include\paddle_analysis_config.h(210): warning C4244: “return”: 从“const uint64_t”转换到“int”，可能丢失数据 (编译源文件 PaddleOCR\src\ocr_rec.cpp)
d:\file\ocr_muban _fixed_save(penma)\ocr_muban _fixed_save\3rdparty\paddle_inference_install_dir\paddle\include\paddle_analysis_config.h(670): warning C4251: “paddle::AnalysisConfig::bfloat16_enabled_op_types_”: class“std::unordered_set<std::string,std::hash<_Kty>,std::equal_to<_Kty>,std::allocator<_Ty>>”需要有 dll 接口由 struct“paddle::AnalysisConfig”的客户端使用
          with
          [
              _Kty=std::string,
              _Ty=std::string
          ] (编译源文件 PaddleOCR\src\ocr_det.cpp)
  d:\file\ocr_muban _fixed_save(penma)\ocr_muban _fixed_save\3rdparty\paddle_inference_install_dir\paddle\include\paddle_analysis_config.h(442): note: 参见“std::unordered_set<std::string,std::hash<_Kty>,std::equal_to<_Kty>,std::allocator<_Ty>>”的声明
          with
          [
              _Kty=std::string,
              _Ty=std::string
          ] (编译源文件 PaddleOCR\src\ocr_det.cpp)
d:\file\ocr_muban _fixed_save(penma)\ocr_muban _fixed_save\3rdparty\paddle_inference_install_dir\paddle\include\paddle_analysis_config.h(677): warning C4251: “paddle::AnalysisConfig::opt_cache_dir_”: class“std::basic_string<char,std::char_traits<char>,std::allocator<char>>”需要有 dll 接口由 struct“paddle::AnalysisConfig”的客户端使用  (编译源文件 PaddleOCR\src\ocr_det.cpp)
  c:\program files (x86)\microsoft visual studio\2017\community\vc\tools\msvc\14.16.27023\include\xstring(4373): note: 参见“std::basic_string<char,std::char_traits<char>,std::allocator<char>>”的声明 (编译源文件 PaddleOCR\src\ocr_det.cpp)
d:\file\ocr_muban _fixed_save(penma)\ocr_muban _fixed_save\3rdparty\paddle_inference_install_dir\paddle\include\paddle_analysis_config.h(634): warning C4251: “paddle::AnalysisConfig::mkldnn_enabled_op_types_”: class“std::unordered_set<std::string,std::hash<_Kty>,std::equal_to<_Kty>,std::allocator<_Ty>>”需要有 dll 接口由 struct“paddle::AnalysisConfig”的客户端使用
          with
          [
              _Kty=std::string,
              _Ty=std::string
          ] (编译源文件 PaddleOCR\src\ocr_cls.cpp)
  d:\file\ocr_muban _fixed_save(penma)\ocr_muban _fixed_save\3rdparty\paddle_inference_install_dir\paddle\include\paddle_analysis_config.h(442): note: 参见“std::unordered_set<std::string,std::hash<_Kty>,std::equal_to<_Kty>,std::allocator<_Ty>>”的声明
          with
          [
              _Kty=std::string,
              _Ty=std::string
          ] (编译源文件 PaddleOCR\src\ocr_cls.cpp)
d:\file\ocr_muban _fixed_save(penma)\ocr_muban _fixed_save\3rdparty\paddle_inference_install_dir\paddle\include\paddle_inference_api.h(133): warning C4251: “paddle_infer::Tensor::tensor_”: class“std::unique_ptr<paddle::ZeroCopyTensor,std::default_delete<_Ty>>”需要有 dll 接口由 class“paddle_infer::Tensor”的客户端使用
          with
          [
              _Ty=paddle::ZeroCopyTensor
          ] (编译源文件 PaddleOCR\src\ocr_rec.cpp)
d:\file\ocr_muban _fixed_save(penma)\ocr_muban _fixed_save\3rdparty\paddle_inference_install_dir\paddle\include\paddle_analysis_config.h(210): warning C4244: “return”: 从“const uint64_t”转换到“int”，可能丢失数据 (编译源文件 PaddleOCR\src\ocr_det.cpp)
  d:\file\ocr_muban _fixed_save(penma)\ocr_muban _fixed_save\3rdparty\paddle_inference_install_dir\paddle\include\paddle_api.h(291): note: 参见“std::unique_ptr<paddle::ZeroCopyTensor,std::default_delete<_Ty>>”的声明
          with
          [
              _Ty=paddle::ZeroCopyTensor
          ] (编译源文件 PaddleOCR\src\ocr_rec.cpp)
d:\file\ocr_muban _fixed_save(penma)\ocr_muban _fixed_save\3rdparty\paddle_inference_install_dir\paddle\include\paddle_analysis_config.h(651): warning C4251: “paddle::AnalysisConfig::serialized_info_cache_”: class“std::basic_string<char,std::char_traits<char>,std::allocator<char>>”需要有 dll 接口由 struct“paddle::AnalysisConfig”的客户端使用  (编译源文件 PaddleOCR\src\ocr_cls.cpp)
  c:\program files (x86)\microsoft visual studio\2017\community\vc\tools\msvc\14.16.27023\include\xstring(4373): note: 参见“std::basic_string<char,std::char_traits<char>,std::allocator<char>>”的声明 (编译源文件 PaddleOCR\src\ocr_cls.cpp)
d:\file\ocr_muban _fixed_save(penma)\ocr_muban _fixed_save\3rdparty\paddle_inference_install_dir\paddle\include\paddle_inference_api.h(239): warning C4251: “paddle_infer::Predictor::predictor_”: class“std::unique_ptr<paddle::PaddlePredictor,std::default_delete<_Ty>>”需要有 dll 接口由 class“paddle_infer::Predictor”的客户端使用
          with
          [
              _Ty=paddle::PaddlePredictor
          ] (编译源文件 PaddleOCR\src\ocr_rec.cpp)
  d:\file\ocr_muban _fixed_save(penma)\ocr_muban _fixed_save\3rdparty\paddle_inference_install_dir\paddle\include\paddle_api.h(337): note: 参见“std::unique_ptr<paddle::PaddlePredictor,std::default_delete<_Ty>>”的声明
          with
          [
              _Ty=paddle::PaddlePredictor
          ] (编译源文件 PaddleOCR\src\ocr_rec.cpp)
d:\file\ocr_muban _fixed_save(penma)\ocr_muban _fixed_save\3rdparty\paddle_inference_install_dir\paddle\include\paddle_inference_api.h(133): warning C4251: “paddle_infer::Tensor::tensor_”: class“std::unique_ptr<paddle::ZeroCopyTensor,std::default_delete<_Ty>>”需要有 dll 接口由 class“paddle_infer::Tensor”的客户端使用
          with
          [
              _Ty=paddle::ZeroCopyTensor
          ] (编译源文件 PaddleOCR\src\ocr_det.cpp)
  d:\file\ocr_muban _fixed_save(penma)\ocr_muban _fixed_save\3rdparty\paddle_inference_install_dir\paddle\include\paddle_api.h(291): note: 参见“std::unique_ptr<paddle::ZeroCopyTensor,std::default_delete<_Ty>>”的声明
          with
          [
              _Ty=paddle::ZeroCopyTensor
          ] (编译源文件 PaddleOCR\src\ocr_det.cpp)
d:\file\ocr_muban _fixed_save(penma)\ocr_muban _fixed_save\3rdparty\paddle_inference_install_dir\paddle\include\paddle_analysis_config.h(653): warning C4251: “paddle::AnalysisConfig::pass_builder_”: class“std::unique_ptr<paddle::PassStrategy,std::default_delete<_Ty>>”需要有 dll 接口由 struct“paddle::AnalysisConfig”的客户端使用
          with
          [
              _Ty=paddle::PassStrategy
          ] (编译源文件 PaddleOCR\src\ocr_cls.cpp)
  d:\file\ocr_muban _fixed_save(penma)\ocr_muban _fixed_save\3rdparty\paddle_inference_install_dir\paddle\include\paddle_analysis_config.h(653): note: 参见“std::unique_ptr<paddle::PassStrategy,std::default_delete<_Ty>>”的声明
          with
          [
              _Ty=paddle::PassStrategy
          ] (编译源文件 PaddleOCR\src\ocr_cls.cpp)
d:\file\ocr_muban _fixed_save(penma)\ocr_muban _fixed_save\3rdparty\paddle_inference_install_dir\paddle\include\paddle_analysis_config.h(656): warning C4251: “paddle::AnalysisConfig::lite_passes_filter_”: class“std::vector<std::string,std::allocator<_Ty>>”需要有 dll 接口由 struct“paddle::AnalysisConfig”的客户端使用
          with
          [
              _Ty=std::string
          ] (编译源文件 PaddleOCR\src\ocr_cls.cpp)
  d:\file\ocr_muban _fixed_save(penma)\ocr_muban _fixed_save\3rdparty\paddle_inference_install_dir\paddle\include\paddle_api.h(273): note: 参见“std::vector<std::string,std::allocator<_Ty>>”的声明
          with
          [
              _Ty=std::string
          ] (编译源文件 PaddleOCR\src\ocr_cls.cpp)
d:\file\ocr_muban _fixed_save(penma)\ocr_muban _fixed_save\3rdparty\paddle_inference_install_dir\paddle\include\paddle_analysis_config.h(657): warning C4251: “paddle::AnalysisConfig::lite_ops_filter_”: class“std::vector<std::string,std::allocator<_Ty>>”需要有 dll 接口由 struct“paddle::AnalysisConfig”的客户端使用
          with
          [
              _Ty=std::string
          ] (编译源文件 PaddleOCR\src\ocr_cls.cpp)
  d:\file\ocr_muban _fixed_save(penma)\ocr_muban _fixed_save\3rdparty\paddle_inference_install_dir\paddle\include\paddle_api.h(273): note: 参见“std::vector<std::string,std::allocator<_Ty>>”的声明
          with
          [
              _Ty=std::string
          ] (编译源文件 PaddleOCR\src\ocr_cls.cpp)
d:\file\ocr_muban _fixed_save(penma)\ocr_muban _fixed_save\3rdparty\paddle_inference_install_dir\paddle\include\paddle_inference_api.h(307): warning C4251: “paddle_infer::services::PredictorPool::main_pred_”: class“std::shared_ptr<paddle_infer::Predictor>”需要有 dll 接口由 class“paddle_infer::services::PredictorPool”的客户端使用  (编译源文件 PaddleOCR\src\ocr_rec.cpp)
  d:\file\ocr_muban _fixed_save(penma)\ocr_muban _fixed_save\3rdparty\paddle_inference_install_dir\paddle\include\paddle_inference_api.h(253): note: 参见“std::shared_ptr<paddle_infer::Predictor>”的声明 (编译源文件 PaddleOCR\src\ocr_rec.cpp)
d:\file\ocr_muban _fixed_save(penma)\ocr_muban _fixed_save\3rdparty\paddle_inference_install_dir\paddle\include\paddle_inference_api.h(239): warning C4251: “paddle_infer::Predictor::predictor_”: class“std::unique_ptr<paddle::PaddlePredictor,std::default_delete<_Ty>>”需要有 dll 接口由 class“paddle_infer::Predictor”的客户端使用
          with
          [
              _Ty=paddle::PaddlePredictor
          ] (编译源文件 PaddleOCR\src\ocr_det.cpp)
d:\file\ocr_muban _fixed_save(penma)\ocr_muban _fixed_save\3rdparty\paddle_inference_install_dir\paddle\include\paddle_analysis_config.h(668): warning C4251: “paddle::AnalysisConfig::mkldnn_quantizer_config_”: class“std::shared_ptr<paddle::MkldnnQuantizerConfig>”需要有 dll 接口由 struct“paddle::AnalysisConfig”的客户端使用  (编译源文件 PaddleOCR\src\ocr_cls.cpp)
  d:\file\ocr_muban _fixed_save(penma)\ocr_muban _fixed_save\3rdparty\paddle_inference_install_dir\paddle\include\paddle_analysis_config.h(668): note: 参见“std::shared_ptr<paddle::MkldnnQuantizerConfig>”的声明 (编译源文件 PaddleOCR\src\ocr_cls.cpp)
  d:\file\ocr_muban _fixed_save(penma)\ocr_muban _fixed_save\3rdparty\paddle_inference_install_dir\paddle\include\paddle_api.h(337): note: 参见“std::unique_ptr<paddle::PaddlePredictor,std::default_delete<_Ty>>”的声明
          with
          [
              _Ty=paddle::PaddlePredictor
          ] (编译源文件 PaddleOCR\src\ocr_det.cpp)
d:\file\ocr_muban _fixed_save(penma)\ocr_muban _fixed_save\3rdparty\paddle_inference_install_dir\paddle\include\paddle_analysis_config.h(670): warning C4251: “paddle::AnalysisConfig::bfloat16_enabled_op_types_”: class“std::unordered_set<std::string,std::hash<_Kty>,std::equal_to<_Kty>,std::allocator<_Ty>>”需要有 dll 接口由 struct“paddle::AnalysisConfig”的客户端使用
          with
          [
              _Kty=std::string,
              _Ty=std::string
          ] (编译源文件 PaddleOCR\src\ocr_cls.cpp)
  d:\file\ocr_muban _fixed_save(penma)\ocr_muban _fixed_save\3rdparty\paddle_inference_install_dir\paddle\include\paddle_analysis_config.h(442): note: 参见“std::unordered_set<std::string,std::hash<_Kty>,std::equal_to<_Kty>,std::allocator<_Ty>>”的声明
          with
          [
              _Kty=std::string,
              _Ty=std::string
          ] (编译源文件 PaddleOCR\src\ocr_cls.cpp)
d:\file\ocr_muban _fixed_save(penma)\ocr_muban _fixed_save\3rdparty\paddle_inference_install_dir\paddle\include\paddle_analysis_config.h(677): warning C4251: “paddle::AnalysisConfig::opt_cache_dir_”: class“std::basic_string<char,std::char_traits<char>,std::allocator<char>>”需要有 dll 接口由 struct“paddle::AnalysisConfig”的客户端使用  (编译源文件 PaddleOCR\src\ocr_cls.cpp)
  c:\program files (x86)\microsoft visual studio\2017\community\vc\tools\msvc\14.16.27023\include\xstring(4373): note: 参见“std::basic_string<char,std::char_traits<char>,std::allocator<char>>”的声明 (编译源文件 PaddleOCR\src\ocr_cls.cpp)
d:\file\ocr_muban _fixed_save(penma)\ocr_muban _fixed_save\3rdparty\paddle_inference_install_dir\paddle\include\paddle_inference_api.h(308): warning C4251: “paddle_infer::services::PredictorPool::preds_”: class“std::vector<std::unique_ptr<paddle_infer::Predictor,std::default_delete<_Ty>>,std::allocator<std::unique_ptr<_Ty,std::default_delete<_Ty>>>>”需要有 dll 接口由 class“paddle_infer::services::PredictorPool”的客户端使用
          with
          [
              _Ty=paddle_infer::Predictor
          ] (编译源文件 PaddleOCR\src\ocr_rec.cpp)
  d:\file\ocr_muban _fixed_save(penma)\ocr_muban _fixed_save\3rdparty\paddle_inference_install_dir\paddle\include\paddle_inference_api.h(308): note: 参见“std::vector<std::unique_ptr<paddle_infer::Predictor,std::default_delete<_Ty>>,std::allocator<std::unique_ptr<_Ty,std::default_delete<_Ty>>>>”的声明
          with
          [
              _Ty=paddle_infer::Predictor
          ] (编译源文件 PaddleOCR\src\ocr_rec.cpp)
d:\file\ocr_muban _fixed_save(penma)\ocr_muban _fixed_save\3rdparty\paddle_inference_install_dir\paddle\include\paddle_inference_api.h(307): warning C4251: “paddle_infer::services::PredictorPool::main_pred_”: class“std::shared_ptr<paddle_infer::Predictor>”需要有 dll 接口由 class“paddle_infer::services::PredictorPool”的客户端使用  (编译源文件 PaddleOCR\src\ocr_det.cpp)
d:\file\ocr_muban _fixed_save(penma)\ocr_muban _fixed_save\3rdparty\paddle_inference_install_dir\paddle\include\paddle_analysis_config.h(210): warning C4244: “return”: 从“const uint64_t”转换到“int”，可能丢失数据 (编译源文件 PaddleOCR\src\ocr_cls.cpp)
  d:\file\ocr_muban _fixed_save(penma)\ocr_muban _fixed_save\3rdparty\paddle_inference_install_dir\paddle\include\paddle_inference_api.h(253): note: 参见“std::shared_ptr<paddle_infer::Predictor>”的声明 (编译源文件 PaddleOCR\src\ocr_det.cpp)
d:\file\ocr_muban _fixed_save(penma)\ocr_muban _fixed_save\3rdparty\paddle_inference_install_dir\paddle\include\paddle_inference_api.h(133): warning C4251: “paddle_infer::Tensor::tensor_”: class“std::unique_ptr<paddle::ZeroCopyTensor,std::default_delete<_Ty>>”需要有 dll 接口由 class“paddle_infer::Tensor”的客户端使用
          with
          [
              _Ty=paddle::ZeroCopyTensor
          ] (编译源文件 PaddleOCR\src\ocr_cls.cpp)
  d:\file\ocr_muban _fixed_save(penma)\ocr_muban _fixed_save\3rdparty\paddle_inference_install_dir\paddle\include\paddle_api.h(291): note: 参见“std::unique_ptr<paddle::ZeroCopyTensor,std::default_delete<_Ty>>”的声明
          with
          [
              _Ty=paddle::ZeroCopyTensor
          ] (编译源文件 PaddleOCR\src\ocr_cls.cpp)
d:\file\ocr_muban _fixed_save(penma)\ocr_muban _fixed_save\3rdparty\paddle_inference_install_dir\paddle\include\paddle_inference_api.h(308): warning C4251: “paddle_infer::services::PredictorPool::preds_”: class“std::vector<std::unique_ptr<paddle_infer::Predictor,std::default_delete<_Ty>>,std::allocator<std::unique_ptr<_Ty,std::default_delete<_Ty>>>>”需要有 dll 接口由 class“paddle_infer::services::PredictorPool”的客户端使用
          with
          [
              _Ty=paddle_infer::Predictor
          ] (编译源文件 PaddleOCR\src\ocr_det.cpp)
  d:\file\ocr_muban _fixed_save(penma)\ocr_muban _fixed_save\3rdparty\paddle_inference_install_dir\paddle\include\paddle_inference_api.h(308): note: 参见“std::vector<std::unique_ptr<paddle_infer::Predictor,std::default_delete<_Ty>>,std::allocator<std::unique_ptr<_Ty,std::default_delete<_Ty>>>>”的声明
          with
          [
              _Ty=paddle_infer::Predictor
          ] (编译源文件 PaddleOCR\src\ocr_det.cpp)
d:\file\ocr_muban _fixed_save(penma)\ocr_muban _fixed_save\3rdparty\paddle_inference_install_dir\paddle\include\paddle_inference_api.h(239): warning C4251: “paddle_infer::Predictor::predictor_”: class“std::unique_ptr<paddle::PaddlePredictor,std::default_delete<_Ty>>”需要有 dll 接口由 class“paddle_infer::Predictor”的客户端使用
          with
          [
              _Ty=paddle::PaddlePredictor
          ] (编译源文件 PaddleOCR\src\ocr_cls.cpp)
  d:\file\ocr_muban _fixed_save(penma)\ocr_muban _fixed_save\3rdparty\paddle_inference_install_dir\paddle\include\paddle_api.h(337): note: 参见“std::unique_ptr<paddle::PaddlePredictor,std::default_delete<_Ty>>”的声明
          with
          [
              _Ty=paddle::PaddlePredictor
          ] (编译源文件 PaddleOCR\src\ocr_cls.cpp)
d:\file\ocr_muban _fixed_save(penma)\ocr_muban _fixed_save\3rdparty\paddle_inference_install_dir\paddle\include\paddle_inference_api.h(307): warning C4251: “paddle_infer::services::PredictorPool::main_pred_”: class“std::shared_ptr<paddle_infer::Predictor>”需要有 dll 接口由 class“paddle_infer::services::PredictorPool”的客户端使用  (编译源文件 PaddleOCR\src\ocr_cls.cpp)
  d:\file\ocr_muban _fixed_save(penma)\ocr_muban _fixed_save\3rdparty\paddle_inference_install_dir\paddle\include\paddle_inference_api.h(253): note: 参见“std::shared_ptr<paddle_infer::Predictor>”的声明 (编译源文件 PaddleOCR\src\ocr_cls.cpp)
d:\file\ocr_muban _fixed_save(penma)\ocr_muban _fixed_save\3rdparty\paddle_inference_install_dir\paddle\include\paddle_inference_api.h(308): warning C4251: “paddle_infer::services::PredictorPool::preds_”: class“std::vector<std::unique_ptr<paddle_infer::Predictor,std::default_delete<_Ty>>,std::allocator<std::unique_ptr<_Ty,std::default_delete<_Ty>>>>”需要有 dll 接口由 class“paddle_infer::services::PredictorPool”的客户端使用
          with
          [
              _Ty=paddle_infer::Predictor
          ] (编译源文件 PaddleOCR\src\ocr_cls.cpp)
  d:\file\ocr_muban _fixed_save(penma)\ocr_muban _fixed_save\3rdparty\paddle_inference_install_dir\paddle\include\paddle_inference_api.h(308): note: 参见“std::vector<std::unique_ptr<paddle_infer::Predictor,std::default_delete<_Ty>>,std::allocator<std::unique_ptr<_Ty,std::default_delete<_Ty>>>>”的声明
          with
          [
              _Ty=paddle_infer::Predictor
          ] (编译源文件 PaddleOCR\src\ocr_cls.cpp)
d:\file\ocr_muban _fixed_save(penma)\ocr_muban _fixed_save\autoadd\paddleocr\src\preprocess_op.cpp(117): warning C4101: “resize_h”: 未引用的局部变量
d:\file\ocr_muban _fixed_save(penma)\ocr_muban _fixed_save\autoadd\paddleocr\src\preprocess_op.cpp(152): warning C4101: “resize_h”: 未引用的局部变量
d:\file\ocr_muban _fixed_save(penma)\ocr_muban _fixed_save\autoadd\paddleocr\src\postprocess_op.cpp(233): warning C4244: “return”: 从“_Tp”转换到“float”，可能丢失数据
          with
          [
              _Tp=double
          ]
d:\file\ocr_muban _fixed_save(penma)\ocr_muban _fixed_save\autoadd\paddleocr\src\ocr_cls.cpp(26): warning C4189: “wh_ratio”: 局部变量已初始化但不引用
d:\file\ocr_muban _fixed_save(penma)\ocr_muban _fixed_save\autoadd\paddleocr\src\ocr_cls.cpp(25): warning C4189: “index”: 局部变量已初始化但不引用
d:\file\ocr_muban _fixed_save(penma)\ocr_muban _fixed_save\autoadd\paddleocr\src\postprocess_op.cpp(253): warning C4267: “初始化”: 从“size_t”转换到“int”，可能丢失数据
d:\file\ocr_muban _fixed_save(penma)\ocr_muban _fixed_save\autoadd\paddleocr\src\postprocess_op.cpp(321): warning C4244: “/=”: 从“float”转换到“_Ty”，可能丢失数据
          with
          [
              _Ty=int
          ]
d:\file\ocr_muban _fixed_save(penma)\ocr_muban _fixed_save\autoadd\paddleocr\src\postprocess_op.cpp(322): warning C4244: “/=”: 从“float”转换到“_Ty”，可能丢失数据
          with
          [
              _Ty=int
          ]
d:\file\ocr_muban _fixed_save(penma)\ocr_muban _fixed_save\autoadd\paddleocr\src\ocr_rec.cpp(29): warning C4267: “初始化”: 从“size_t”转换到“int”，可能丢失数据
d:\file\ocr_muban _fixed_save(penma)\ocr_muban _fixed_save\autoadd\paddleocr\src\ocr_rec.cpp(28): warning C4189: “index”: 局部变量已初始化但不引用
d:\file\ocr_muban _fixed_save(penma)\ocr_muban _fixed_save\autoadd\paddleocr\src\ocr_rec.cpp(164): warning C4244: “参数”: 从“int”转换到“_Tp”，可能丢失数据
          with
          [
              _Tp=float
          ]
d:\file\ocr_muban _fixed_save(penma)\ocr_muban _fixed_save\autoadd\paddleocr\src\ocr_rec.cpp(165): warning C4244: “参数”: 从“int”转换到“_Tp”，可能丢失数据
          with
          [
              _Tp=float
          ]
d:\file\ocr_muban _fixed_save(penma)\ocr_muban _fixed_save\autoadd\paddleocr\src\ocr_rec.cpp(166): warning C4244: “参数”: 从“int”转换到“_Tp”，可能丢失数据
          with
          [
              _Tp=float
          ]
d:\file\ocr_muban _fixed_save(penma)\ocr_muban _fixed_save\autoadd\paddleocr\src\ocr_rec.cpp(169): warning C4244: “参数”: 从“_Ty”转换到“_Tp”，可能丢失数据
          with
          [
              _Ty=int
          ]
          and
          [
              _Tp=float
          ]
d:\file\ocr_muban _fixed_save(penma)\ocr_muban _fixed_save\autoadd\paddleocr\src\ocr_rec.cpp(170): warning C4244: “参数”: 从“_Ty”转换到“_Tp”，可能丢失数据
          with
          [
              _Ty=int
          ]
          and
          [
              _Tp=float
          ]
d:\file\ocr_muban _fixed_save(penma)\ocr_muban _fixed_save\autoadd\paddleocr\src\ocr_rec.cpp(171): warning C4244: “参数”: 从“_Ty”转换到“_Tp”，可能丢失数据
          with
          [
              _Ty=int
          ]
          and
          [
              _Tp=float
          ]
d:\file\ocr_muban _fixed_save(penma)\ocr_muban _fixed_save\autoadd\paddleocr\src\ocr_rec.cpp(172): warning C4244: “参数”: 从“_Ty”转换到“_Tp”，可能丢失数据
          with
          [
              _Ty=int
          ]
          and
          [
              _Tp=float
          ]
d:\file\ocr_muban _fixed_save(penma)\ocr_muban _fixed_save\autoadd\paddleocr\src\ocr_rec.cpp(221): warning C4244: “参数”: 从“int”转换到“_Tp”，可能丢失数据
          with
          [
              _Tp=float
          ]
d:\file\ocr_muban _fixed_save(penma)\ocr_muban _fixed_save\autoadd\paddleocr\src\ocr_rec.cpp(222): warning C4244: “参数”: 从“int”转换到“_Tp”，可能丢失数据
          with
          [
              _Tp=float
          ]
d:\file\ocr_muban _fixed_save(penma)\ocr_muban _fixed_save\autoadd\paddleocr\src\ocr_rec.cpp(223): warning C4244: “参数”: 从“int”转换到“_Tp”，可能丢失数据
          with
          [
              _Tp=float
          ]
d:\file\ocr_muban _fixed_save(penma)\ocr_muban _fixed_save\autoadd\paddleocr\src\ocr_rec.cpp(226): warning C4244: “参数”: 从“_Ty”转换到“_Tp”，可能丢失数据
          with
          [
              _Ty=int
          ]
          and
          [
              _Tp=float
          ]
d:\file\ocr_muban _fixed_save(penma)\ocr_muban _fixed_save\autoadd\paddleocr\src\ocr_rec.cpp(227): warning C4244: “参数”: 从“_Ty”转换到“_Tp”，可能丢失数据
          with
          [
              _Ty=int
          ]
          and
          [
              _Tp=float
          ]
d:\file\ocr_muban _fixed_save(penma)\ocr_muban _fixed_save\autoadd\paddleocr\src\ocr_rec.cpp(228): warning C4244: “参数”: 从“_Ty”转换到“_Tp”，可能丢失数据
          with
          [
              _Ty=int
          ]
          and
          [
              _Tp=float
          ]
d:\file\ocr_muban _fixed_save(penma)\ocr_muban _fixed_save\autoadd\paddleocr\src\ocr_rec.cpp(229): warning C4244: “参数”: 从“_Ty”转换到“_Tp”，可能丢失数据
          with
          [
              _Ty=int
          ]
          and
          [
              _Tp=float
          ]
d:\file\ocr_muban _fixed_save(penma)\ocr_muban _fixed_save\autoadd\paddleocr\src\ocr_rec.cpp(329): warning C4267: “=”: 从“size_t”转换到“int”，可能丢失数据
c:\program files (x86)\microsoft visual studio\2017\community\vc\tools\msvc\14.16.27023\include\xmemory0(881): warning C4244: “参数”: 从“ClipperLib::cInt”转换到“_Tp”，可能丢失数据
          with
          [
              _Tp=float
          ] (编译源文件 PaddleOCR\src\postprocess_op.cpp)
  c:\program files (x86)\microsoft visual studio\2017\community\vc\tools\msvc\14.16.27023\include\vector(902): note: 参见对正在编译的函数 模板 实例化“void std::_Default_allocator_traits<_Alloc>::construct<_Ty,ClipperLib::cInt&,ClipperLib::cInt&>(_Alloc &,_Objty *const ,ClipperLib::cInt &,ClipperLib::cInt &)”的引用
          with
          [
              _Alloc=std::allocator<cv::Point2f>,
              _Ty=cv::Point_<float>,
              _Objty=cv::Point_<float>
          ] (编译源文件 PaddleOCR\src\postprocess_op.cpp)
  c:\program files (x86)\microsoft visual studio\2017\community\vc\tools\msvc\14.16.27023\include\vector(902): note: 参见对正在编译的函数 模板 实例化“void std::_Default_allocator_traits<_Alloc>::construct<_Ty,ClipperLib::cInt&,ClipperLib::cInt&>(_Alloc &,_Objty *const ,ClipperLib::cInt &,ClipperLib::cInt &)”的引用
          with
          [
              _Alloc=std::allocator<cv::Point2f>,
              _Ty=cv::Point_<float>,
              _Objty=cv::Point_<float>
          ] (编译源文件 PaddleOCR\src\postprocess_op.cpp)
  c:\program files (x86)\microsoft visual studio\2017\community\vc\tools\msvc\14.16.27023\include\vector(919): note: 参见对正在编译的函数 模板 实例化“void std::vector<cv::Point2f,std::allocator<_Ty>>::_Emplace_back_with_unused_capacity<ClipperLib::cInt&,ClipperLib::cInt&>(ClipperLib::cInt &,ClipperLib::cInt &)”的引用
          with
          [
              _Ty=cv::Point2f
          ] (编译源文件 PaddleOCR\src\postprocess_op.cpp)
  d:\file\ocr_muban _fixed_save(penma)\ocr_muban _fixed_save\autoadd\paddleocr\src\postprocess_op.cpp(57): note: 参见对正在编译的函数 模板 实例化“void std::vector<cv::Point2f,std::allocator<_Ty>>::emplace_back<ClipperLib::cInt&,ClipperLib::cInt&>(ClipperLib::cInt &,ClipperLib::cInt &)”的引用
          with
          [
              _Ty=cv::Point2f
          ]
d:\file\ocr_muban _fixed_save(penma)\ocr_muban _fixed_save\autoadd\ccrashstack.cpp(57): warning C4200: 使用了非标准扩展: 结构/联合中的零大小数组
  d:\file\ocr_muban _fixed_save(penma)\ocr_muban _fixed_save\autoadd\ccrashstack.cpp(57): note: 默认构造函数或 copy/move 赋值运算符将忽略此成员
d:\file\ocr_muban _fixed_save(penma)\ocr_muban _fixed_save\autoadd\cmvcamera.cpp(255): warning C4100: “pnValidImageNum”: 未引用的形参
d:\file\ocr_muban _fixed_save(penma)\ocr_muban _fixed_save\autoadd\sdk\includes\mvcameracontrol.h : warning C4819: 该文件包含不能在当前代码页(936)中表示的字符。请将该文件保存为 Unicode 格式以防止数据丢失 (编译源文件 CameraThread.cpp)
d:\file\ocr_muban _fixed_save(penma)\ocr_muban _fixed_save\autoadd\sdk\includes\mverrordefine.h : warning C4819: 该文件包含不能在当前代码页(936)中表示的字符。请将该文件保存为 Unicode 格式以防止数据丢失 (编译源文件 CameraThread.cpp)
d:\file\ocr_muban _fixed_save(penma)\ocr_muban _fixed_save\autoadd\sdk\includes\mvisperrordefine.h : warning C4819: 该文件包含不能在当前代码页(936)中表示的字符。请将该文件保存为 Unicode 格式以防止数据丢失 (编译源文件 CameraThread.cpp)
d:\file\ocr_muban _fixed_save(penma)\ocr_muban _fixed_save\autoadd\sdk\includes\cameraparams.h : warning C4819: 该文件包含不能在当前代码页(936)中表示的字符。请将该文件保存为 Unicode 格式以防止数据丢失 (编译源文件 CameraThread.cpp)
d:\file\ocr_muban _fixed_save(penma)\ocr_muban _fixed_save\autoadd\sdk\includes\cameraparams.h(338): warning C4819: 该文件包含不能在当前代码页(936)中表示的字符。请将该文件保存为 Unicode 格式以防止数据丢失 (编译源文件 CameraThread.cpp)
d:\file\ocr_muban _fixed_save(penma)\ocr_muban _fixed_save\autoadd\sdk\includes\cameraparams.h(713): warning C4819: 该文件包含不能在当前代码页(936)中表示的字符。请将该文件保存为 Unicode 格式以防止数据丢失 (编译源文件 CameraThread.cpp)
d:\file\ocr_muban _fixed_save(penma)\ocr_muban _fixed_save\autoadd\sdk\includes\mvobsoleteinterfaces.h : warning C4819: 该文件包含不能在当前代码页(936)中表示的字符。请将该文件保存为 Unicode 格式以防止数据丢失 (编译源文件 CameraThread.cpp)
d:\file\ocr_muban _fixed_save(penma)\ocr_muban _fixed_save\autoadd\sdk\includes\obsoletecamparams.h : warning C4819: 该文件包含不能在当前代码页(936)中表示的字符。请将该文件保存为 Unicode 格式以防止数据丢失 (编译源文件 CameraThread.cpp)
d:\file\ocr_muban _fixed_save(penma)\ocr_muban _fixed_save\autoadd\sdk\includes\obsoletecamparams.h(373): warning C4819: 该文件包含不能在当前代码页(936)中表示的字符。请将该文件保存为 Unicode 格式以防止数据丢失 (编译源文件 CameraThread.cpp)
d:\file\ocr_muban _fixed_save(penma)\ocr_muban _fixed_save\autoadd\sdk\includes\mvobsoleteinterfaces.h(471): warning C4819: 该文件包含不能在当前代码页(936)中表示的字符。请将该文件保存为 Unicode 格式以防止数据丢失 (编译源文件 CameraThread.cpp)
d:\file\ocr_muban _fixed_save(penma)\ocr_muban _fixed_save\autoadd\sdk\includes\mvobsoleteinterfaces.h(880): warning C4819: 该文件包含不能在当前代码页(936)中表示的字符。请将该文件保存为 Unicode 格式以防止数据丢失 (编译源文件 CameraThread.cpp)
d:\file\ocr_muban _fixed_save(penma)\ocr_muban _fixed_save\autoadd\sdk\includes\mvobsoleteinterfaces.h(1270): warning C4819: 该文件包含不能在当前代码页(936)中表示的字符。请将该文件保存为 Unicode 格式以防止数据丢失 (编译源文件 CameraThread.cpp)
d:\file\ocr_muban _fixed_save(penma)\ocr_muban _fixed_save\autoadd\sdk\includes\mvobsoleteinterfaces.h(1707): warning C4819: 该文件包含不能在当前代码页(936)中表示的字符。请将该文件保存为 Unicode 格式以防止数据丢失 (编译源文件 CameraThread.cpp)
d:\file\ocr_muban _fixed_save(penma)\ocr_muban _fixed_save\autoadd\sdk\includes\mvcameracontrol.h(419): warning C4819: 该文件包含不能在当前代码页(936)中表示的字符。请将该文件保存为 Unicode 格式以防止数据丢失 (编译源文件 CameraThread.cpp)
d:\file\ocr_muban _fixed_save(penma)\ocr_muban _fixed_save\autoadd\sdk\includes\mvcameracontrol.h(753): warning C4819: 该文件包含不能在当前代码页(936)中表示的字符。请将该文件保存为 Unicode 格式以防止数据丢失 (编译源文件 CameraThread.cpp)
d:\file\ocr_muban _fixed_save(penma)\ocr_muban _fixed_save\autoadd\sdk\includes\mvcameracontrol.h(1135): warning C4819: 该文件包含不能在当前代码页(936)中表示的字符。请将该文件保存为 Unicode 格式以防止数据丢失 (编译源文件 CameraThread.cpp)
d:\file\ocr_muban _fixed_save(penma)\ocr_muban _fixed_save\autoadd\sdk\includes\mvcameracontrol.h(1576): warning C4819: 该文件包含不能在当前代码页(936)中表示的字符。请将该文件保存为 Unicode 格式以防止数据丢失 (编译源文件 CameraThread.cpp)
d:\file\ocr_muban _fixed_save(penma)\ocr_muban _fixed_save\autoadd\sdk\includes\mvcameracontrol.h(1985): warning C4819: 该文件包含不能在当前代码页(936)中表示的字符。请将该文件保存为 Unicode 格式以防止数据丢失 (编译源文件 CameraThread.cpp)
d:\file\ocr_muban _fixed_save(penma)\ocr_muban _fixed_save\autoadd\sdk\includes\mvcameracontrol.h : warning C4819: 该文件包含不能在当前代码页(936)中表示的字符。请将该文件保存为 Unicode 格式以防止数据丢失 (编译源文件 mythread.cpp)
d:\file\ocr_muban _fixed_save(penma)\ocr_muban _fixed_save\autoadd\sdk\includes\mverrordefine.h : warning C4819: 该文件包含不能在当前代码页(936)中表示的字符。请将该文件保存为 Unicode 格式以防止数据丢失 (编译源文件 mythread.cpp)
d:\file\ocr_muban _fixed_save(penma)\ocr_muban _fixed_save\autoadd\sdk\includes\mvisperrordefine.h : warning C4819: 该文件包含不能在当前代码页(936)中表示的字符。请将该文件保存为 Unicode 格式以防止数据丢失 (编译源文件 mythread.cpp)
d:\file\ocr_muban _fixed_save(penma)\ocr_muban _fixed_save\autoadd\sdk\includes\cameraparams.h : warning C4819: 该文件包含不能在当前代码页(936)中表示的字符。请将该文件保存为 Unicode 格式以防止数据丢失 (编译源文件 mythread.cpp)
d:\file\ocr_muban _fixed_save(penma)\ocr_muban _fixed_save\autoadd\sdk\includes\cameraparams.h(338): warning C4819: 该文件包含不能在当前代码页(936)中表示的字符。请将该文件保存为 Unicode 格式以防止数据丢失 (编译源文件 mythread.cpp)
d:\file\ocr_muban _fixed_save(penma)\ocr_muban _fixed_save\autoadd\sdk\includes\cameraparams.h(713): warning C4819: 该文件包含不能在当前代码页(936)中表示的字符。请将该文件保存为 Unicode 格式以防止数据丢失 (编译源文件 mythread.cpp)
d:\file\ocr_muban _fixed_save(penma)\ocr_muban _fixed_save\autoadd\sdk\includes\mvobsoleteinterfaces.h : warning C4819: 该文件包含不能在当前代码页(936)中表示的字符。请将该文件保存为 Unicode 格式以防止数据丢失 (编译源文件 mythread.cpp)
d:\file\ocr_muban _fixed_save(penma)\ocr_muban _fixed_save\autoadd\sdk\includes\obsoletecamparams.h : warning C4819: 该文件包含不能在当前代码页(936)中表示的字符。请将该文件保存为 Unicode 格式以防止数据丢失 (编译源文件 mythread.cpp)
d:\file\ocr_muban _fixed_save(penma)\ocr_muban _fixed_save\autoadd\sdk\includes\obsoletecamparams.h(373): warning C4819: 该文件包含不能在当前代码页(936)中表示的字符。请将该文件保存为 Unicode 格式以防止数据丢失 (编译源文件 mythread.cpp)
d:\file\ocr_muban _fixed_save(penma)\ocr_muban _fixed_save\autoadd\sdk\includes\mvobsoleteinterfaces.h(471): warning C4819: 该文件包含不能在当前代码页(936)中表示的字符。请将该文件保存为 Unicode 格式以防止数据丢失 (编译源文件 mythread.cpp)
d:\file\ocr_muban _fixed_save(penma)\ocr_muban _fixed_save\autoadd\sdk\includes\mvobsoleteinterfaces.h(880): warning C4819: 该文件包含不能在当前代码页(936)中表示的字符。请将该文件保存为 Unicode 格式以防止数据丢失 (编译源文件 mythread.cpp)
d:\file\ocr_muban _fixed_save(penma)\ocr_muban _fixed_save\autoadd\sdk\includes\mvobsoleteinterfaces.h(1270): warning C4819: 该文件包含不能在当前代码页(936)中表示的字符。请将该文件保存为 Unicode 格式以防止数据丢失 (编译源文件 mythread.cpp)
d:\file\ocr_muban _fixed_save(penma)\ocr_muban _fixed_save\autoadd\sdk\includes\mvobsoleteinterfaces.h(1707): warning C4819: 该文件包含不能在当前代码页(936)中表示的字符。请将该文件保存为 Unicode 格式以防止数据丢失 (编译源文件 mythread.cpp)
d:\file\ocr_muban _fixed_save(penma)\ocr_muban _fixed_save\autoadd\sdk\includes\mvcameracontrol.h(419): warning C4819: 该文件包含不能在当前代码页(936)中表示的字符。请将该文件保存为 Unicode 格式以防止数据丢失 (编译源文件 mythread.cpp)
d:\file\ocr_muban _fixed_save(penma)\ocr_muban _fixed_save\autoadd\sdk\includes\mvcameracontrol.h(753): warning C4819: 该文件包含不能在当前代码页(936)中表示的字符。请将该文件保存为 Unicode 格式以防止数据丢失 (编译源文件 mythread.cpp)
d:\file\ocr_muban _fixed_save(penma)\ocr_muban _fixed_save\autoadd\sdk\includes\mvcameracontrol.h(1135): warning C4819: 该文件包含不能在当前代码页(936)中表示的字符。请将该文件保存为 Unicode 格式以防止数据丢失 (编译源文件 mythread.cpp)
d:\file\ocr_muban _fixed_save(penma)\ocr_muban _fixed_save\autoadd\sdk\includes\mvcameracontrol.h(1576): warning C4819: 该文件包含不能在当前代码页(936)中表示的字符。请将该文件保存为 Unicode 格式以防止数据丢失 (编译源文件 mythread.cpp)
d:\file\ocr_muban _fixed_save(penma)\ocr_muban _fixed_save\autoadd\sdk\includes\mvcameracontrol.h(1985): warning C4819: 该文件包含不能在当前代码页(936)中表示的字符。请将该文件保存为 Unicode 格式以防止数据丢失 (编译源文件 mythread.cpp)
d:\file\ocr_muban _fixed_save(penma)\ocr_muban _fixed_save\autoadd\camerathread.cpp(274): warning C4189: “needInitTracker”: 局部变量已初始化但不引用
d:\file\ocr_muban _fixed_save(penma)\ocr_muban _fixed_save\autoadd\sdk\includes\mverrordefine.h : warning C4819: 该文件包含不能在当前代码页(936)中表示的字符。请将该文件保存为 Unicode 格式以防止数据丢失 (编译源文件 main.cpp)
d:\file\ocr_muban _fixed_save(penma)\ocr_muban _fixed_save\autoadd\sdk\includes\mvisperrordefine.h : warning C4819: 该文件包含不能在当前代码页(936)中表示的字符。请将该文件保存为 Unicode 格式以防止数据丢失 (编译源文件 main.cpp)
d:\file\ocr_muban _fixed_save(penma)\ocr_muban _fixed_save\autoadd\sdk\includes\cameraparams.h : warning C4819: 该文件包含不能在当前代码页(936)中表示的字符。请将该文件保存为 Unicode 格式以防止数据丢失 (编译源文件 main.cpp)
d:\file\ocr_muban _fixed_save(penma)\ocr_muban _fixed_save\autoadd\sdk\includes\cameraparams.h(338): warning C4819: 该文件包含不能在当前代码页(936)中表示的字符。请将该文件保存为 Unicode 格式以防止数据丢失 (编译源文件 main.cpp)
d:\file\ocr_muban _fixed_save(penma)\ocr_muban _fixed_save\autoadd\sdk\includes\cameraparams.h(713): warning C4819: 该文件包含不能在当前代码页(936)中表示的字符。请将该文件保存为 Unicode 格式以防止数据丢失 (编译源文件 main.cpp)
d:\file\ocr_muban _fixed_save(penma)\ocr_muban _fixed_save\autoadd\sdk\includes\mvcameracontrol.h : warning C4819: 该文件包含不能在当前代码页(936)中表示的字符。请将该文件保存为 Unicode 格式以防止数据丢失 (编译源文件 main.cpp)
d:\file\ocr_muban _fixed_save(penma)\ocr_muban _fixed_save\autoadd\sdk\includes\mvobsoleteinterfaces.h : warning C4819: 该文件包含不能在当前代码页(936)中表示的字符。请将该文件保存为 Unicode 格式以防止数据丢失 (编译源文件 main.cpp)
d:\file\ocr_muban _fixed_save(penma)\ocr_muban _fixed_save\autoadd\sdk\includes\obsoletecamparams.h : warning C4819: 该文件包含不能在当前代码页(936)中表示的字符。请将该文件保存为 Unicode 格式以防止数据丢失 (编译源文件 main.cpp)
d:\file\ocr_muban _fixed_save(penma)\ocr_muban _fixed_save\autoadd\sdk\includes\obsoletecamparams.h(373): warning C4819: 该文件包含不能在当前代码页(936)中表示的字符。请将该文件保存为 Unicode 格式以防止数据丢失 (编译源文件 main.cpp)
d:\file\ocr_muban _fixed_save(penma)\ocr_muban _fixed_save\autoadd\sdk\includes\mvobsoleteinterfaces.h(471): warning C4819: 该文件包含不能在当前代码页(936)中表示的字符。请将该文件保存为 Unicode 格式以防止数据丢失 (编译源文件 main.cpp)
d:\file\ocr_muban _fixed_save(penma)\ocr_muban _fixed_save\autoadd\sdk\includes\mvobsoleteinterfaces.h(880): warning C4819: 该文件包含不能在当前代码页(936)中表示的字符。请将该文件保存为 Unicode 格式以防止数据丢失 (编译源文件 main.cpp)
d:\file\ocr_muban _fixed_save(penma)\ocr_muban _fixed_save\autoadd\sdk\includes\mvobsoleteinterfaces.h(1270): warning C4819: 该文件包含不能在当前代码页(936)中表示的字符。请将该文件保存为 Unicode 格式以防止数据丢失 (编译源文件 main.cpp)
d:\file\ocr_muban _fixed_save(penma)\ocr_muban _fixed_save\autoadd\sdk\includes\mvobsoleteinterfaces.h(1707): warning C4819: 该文件包含不能在当前代码页(936)中表示的字符。请将该文件保存为 Unicode 格式以防止数据丢失 (编译源文件 main.cpp)
d:\file\ocr_muban _fixed_save(penma)\ocr_muban _fixed_save\autoadd\sdk\includes\mvcameracontrol.h(419): warning C4819: 该文件包含不能在当前代码页(936)中表示的字符。请将该文件保存为 Unicode 格式以防止数据丢失 (编译源文件 main.cpp)
d:\file\ocr_muban _fixed_save(penma)\ocr_muban _fixed_save\autoadd\sdk\includes\mvcameracontrol.h(753): warning C4819: 该文件包含不能在当前代码页(936)中表示的字符。请将该文件保存为 Unicode 格式以防止数据丢失 (编译源文件 main.cpp)
d:\file\ocr_muban _fixed_save(penma)\ocr_muban _fixed_save\autoadd\sdk\includes\mvcameracontrol.h(1135): warning C4819: 该文件包含不能在当前代码页(936)中表示的字符。请将该文件保存为 Unicode 格式以防止数据丢失 (编译源文件 main.cpp)
d:\file\ocr_muban _fixed_save(penma)\ocr_muban _fixed_save\autoadd\sdk\includes\mvcameracontrol.h(1576): warning C4819: 该文件包含不能在当前代码页(936)中表示的字符。请将该文件保存为 Unicode 格式以防止数据丢失 (编译源文件 main.cpp)
d:\file\ocr_muban _fixed_save(penma)\ocr_muban _fixed_save\autoadd\sdk\includes\mvcameracontrol.h(1985): warning C4819: 该文件包含不能在当前代码页(936)中表示的字符。请将该文件保存为 Unicode 格式以防止数据丢失 (编译源文件 main.cpp)
d:\file\ocr_muban _fixed_save(penma)\ocr_muban _fixed_save\autoadd\sdk\includes\mverrordefine.h : warning C4819: 该文件包含不能在当前代码页(936)中表示的字符。请将该文件保存为 Unicode 格式以防止数据丢失 (编译源文件 widget.cpp)
d:\file\ocr_muban _fixed_save(penma)\ocr_muban _fixed_save\autoadd\sdk\includes\mvisperrordefine.h : warning C4819: 该文件包含不能在当前代码页(936)中表示的字符。请将该文件保存为 Unicode 格式以防止数据丢失 (编译源文件 widget.cpp)
d:\file\ocr_muban _fixed_save(penma)\ocr_muban _fixed_save\autoadd\sdk\includes\cameraparams.h : warning C4819: 该文件包含不能在当前代码页(936)中表示的字符。请将该文件保存为 Unicode 格式以防止数据丢失 (编译源文件 widget.cpp)
d:\file\ocr_muban _fixed_save(penma)\ocr_muban _fixed_save\autoadd\sdk\includes\cameraparams.h(338): warning C4819: 该文件包含不能在当前代码页(936)中表示的字符。请将该文件保存为 Unicode 格式以防止数据丢失 (编译源文件 widget.cpp)
d:\file\ocr_muban _fixed_save(penma)\ocr_muban _fixed_save\autoadd\sdk\includes\cameraparams.h(713): warning C4819: 该文件包含不能在当前代码页(936)中表示的字符。请将该文件保存为 Unicode 格式以防止数据丢失 (编译源文件 widget.cpp)
d:\file\ocr_muban _fixed_save(penma)\ocr_muban _fixed_save\autoadd\sdk\includes\mvcameracontrol.h : warning C4819: 该文件包含不能在当前代码页(936)中表示的字符。请将该文件保存为 Unicode 格式以防止数据丢失 (编译源文件 widget.cpp)
d:\file\ocr_muban _fixed_save(penma)\ocr_muban _fixed_save\autoadd\sdk\includes\mvobsoleteinterfaces.h : warning C4819: 该文件包含不能在当前代码页(936)中表示的字符。请将该文件保存为 Unicode 格式以防止数据丢失 (编译源文件 widget.cpp)
d:\file\ocr_muban _fixed_save(penma)\ocr_muban _fixed_save\autoadd\sdk\includes\obsoletecamparams.h : warning C4819: 该文件包含不能在当前代码页(936)中表示的字符。请将该文件保存为 Unicode 格式以防止数据丢失 (编译源文件 widget.cpp)
d:\file\ocr_muban _fixed_save(penma)\ocr_muban _fixed_save\autoadd\sdk\includes\obsoletecamparams.h(373): warning C4819: 该文件包含不能在当前代码页(936)中表示的字符。请将该文件保存为 Unicode 格式以防止数据丢失 (编译源文件 widget.cpp)
d:\file\ocr_muban _fixed_save(penma)\ocr_muban _fixed_save\autoadd\sdk\includes\mvobsoleteinterfaces.h(471): warning C4819: 该文件包含不能在当前代码页(936)中表示的字符。请将该文件保存为 Unicode 格式以防止数据丢失 (编译源文件 widget.cpp)
d:\file\ocr_muban _fixed_save(penma)\ocr_muban _fixed_save\autoadd\sdk\includes\mvobsoleteinterfaces.h(880): warning C4819: 该文件包含不能在当前代码页(936)中表示的字符。请将该文件保存为 Unicode 格式以防止数据丢失 (编译源文件 widget.cpp)
d:\file\ocr_muban _fixed_save(penma)\ocr_muban _fixed_save\autoadd\sdk\includes\mvobsoleteinterfaces.h(1270): warning C4819: 该文件包含不能在当前代码页(936)中表示的字符。请将该文件保存为 Unicode 格式以防止数据丢失 (编译源文件 widget.cpp)
d:\file\ocr_muban _fixed_save(penma)\ocr_muban _fixed_save\autoadd\sdk\includes\mvobsoleteinterfaces.h(1707): warning C4819: 该文件包含不能在当前代码页(936)中表示的字符。请将该文件保存为 Unicode 格式以防止数据丢失 (编译源文件 widget.cpp)
d:\file\ocr_muban _fixed_save(penma)\ocr_muban _fixed_save\autoadd\sdk\includes\mvcameracontrol.h(419): warning C4819: 该文件包含不能在当前代码页(936)中表示的字符。请将该文件保存为 Unicode 格式以防止数据丢失 (编译源文件 widget.cpp)
d:\file\ocr_muban _fixed_save(penma)\ocr_muban _fixed_save\autoadd\sdk\includes\mvcameracontrol.h(753): warning C4819: 该文件包含不能在当前代码页(936)中表示的字符。请将该文件保存为 Unicode 格式以防止数据丢失 (编译源文件 widget.cpp)
d:\file\ocr_muban _fixed_save(penma)\ocr_muban _fixed_save\autoadd\sdk\includes\mvcameracontrol.h(1135): warning C4819: 该文件包含不能在当前代码页(936)中表示的字符。请将该文件保存为 Unicode 格式以防止数据丢失 (编译源文件 widget.cpp)
d:\file\ocr_muban _fixed_save(penma)\ocr_muban _fixed_save\autoadd\sdk\includes\mvcameracontrol.h(1576): warning C4819: 该文件包含不能在当前代码页(936)中表示的字符。请将该文件保存为 Unicode 格式以防止数据丢失 (编译源文件 widget.cpp)
d:\file\ocr_muban _fixed_save(penma)\ocr_muban _fixed_save\autoadd\sdk\includes\mvcameracontrol.h(1985): warning C4819: 该文件包含不能在当前代码页(936)中表示的字符。请将该文件保存为 Unicode 格式以防止数据丢失 (编译源文件 widget.cpp)
d:\file\ocr_muban _fixed_save(penma)\ocr_muban _fixed_save\3rdparty\opencv\include\opencv2\flann\result_set.h(306): warning C4003: 类函数宏的调用“max”参数不足 (编译源文件 main.cpp)
d:\file\ocr_muban _fixed_save(penma)\ocr_muban _fixed_save\3rdparty\opencv\include\opencv2\flann\result_set.h(428): warning C4003: 类函数宏的调用“max”参数不足 (编译源文件 main.cpp)
d:\file\ocr_muban _fixed_save(penma)\ocr_muban _fixed_save\3rdparty\opencv\include\opencv2\flann\lsh_index.h(203): warning C4003: 类函数宏的调用“max”参数不足 (编译源文件 main.cpp)
d:\file\ocr_muban _fixed_save(penma)\ocr_muban _fixed_save\3rdparty\opencv\include\opencv2\flann\lsh_index.h(269): warning C4003: 类函数宏的调用“max”参数不足 (编译源文件 main.cpp)
d:\file\ocr_muban _fixed_save(penma)\ocr_muban _fixed_save\3rdparty\opencv\include\opencv2\flann\result_set.h(306): warning C4003: 类函数宏的调用“max”参数不足 (编译源文件 widget.cpp)
d:\file\ocr_muban _fixed_save(penma)\ocr_muban _fixed_save\3rdparty\opencv\include\opencv2\flann\result_set.h(428): warning C4003: 类函数宏的调用“max”参数不足 (编译源文件 widget.cpp)
d:\file\ocr_muban _fixed_save(penma)\ocr_muban _fixed_save\3rdparty\opencv\include\opencv2\flann\lsh_index.h(203): warning C4003: 类函数宏的调用“max”参数不足 (编译源文件 widget.cpp)
d:\file\ocr_muban _fixed_save(penma)\ocr_muban _fixed_save\3rdparty\opencv\include\opencv2\flann\lsh_index.h(269): warning C4003: 类函数宏的调用“max”参数不足 (编译源文件 widget.cpp)
d:\file\ocr_muban _fixed_save(penma)\ocr_muban _fixed_save\autoadd\sdk\includes\mvcameracontrol.h : warning C4819: 该文件包含不能在当前代码页(936)中表示的字符。请将该文件保存为 Unicode 格式以防止数据丢失 (编译源文件 templatematch.cpp)
d:\file\ocr_muban _fixed_save(penma)\ocr_muban _fixed_save\autoadd\sdk\includes\mverrordefine.h : warning C4819: 该文件包含不能在当前代码页(936)中表示的字符。请将该文件保存为 Unicode 格式以防止数据丢失 (编译源文件 templatematch.cpp)
d:\file\ocr_muban _fixed_save(penma)\ocr_muban _fixed_save\autoadd\sdk\includes\mvisperrordefine.h : warning C4819: 该文件包含不能在当前代码页(936)中表示的字符。请将该文件保存为 Unicode 格式以防止数据丢失 (编译源文件 templatematch.cpp)
d:\file\ocr_muban _fixed_save(penma)\ocr_muban _fixed_save\autoadd\sdk\includes\cameraparams.h : warning C4819: 该文件包含不能在当前代码页(936)中表示的字符。请将该文件保存为 Unicode 格式以防止数据丢失 (编译源文件 templatematch.cpp)
d:\file\ocr_muban _fixed_save(penma)\ocr_muban _fixed_save\autoadd\sdk\includes\cameraparams.h(338): warning C4819: 该文件包含不能在当前代码页(936)中表示的字符。请将该文件保存为 Unicode 格式以防止数据丢失 (编译源文件 templatematch.cpp)
d:\file\ocr_muban _fixed_save(penma)\ocr_muban _fixed_save\autoadd\sdk\includes\cameraparams.h(713): warning C4819: 该文件包含不能在当前代码页(936)中表示的字符。请将该文件保存为 Unicode 格式以防止数据丢失 (编译源文件 templatematch.cpp)
d:\file\ocr_muban _fixed_save(penma)\ocr_muban _fixed_save\autoadd\sdk\includes\mvobsoleteinterfaces.h : warning C4819: 该文件包含不能在当前代码页(936)中表示的字符。请将该文件保存为 Unicode 格式以防止数据丢失 (编译源文件 templatematch.cpp)
d:\file\ocr_muban _fixed_save(penma)\ocr_muban _fixed_save\autoadd\sdk\includes\obsoletecamparams.h : warning C4819: 该文件包含不能在当前代码页(936)中表示的字符。请将该文件保存为 Unicode 格式以防止数据丢失 (编译源文件 templatematch.cpp)
d:\file\ocr_muban _fixed_save(penma)\ocr_muban _fixed_save\autoadd\sdk\includes\obsoletecamparams.h(373): warning C4819: 该文件包含不能在当前代码页(936)中表示的字符。请将该文件保存为 Unicode 格式以防止数据丢失 (编译源文件 templatematch.cpp)
d:\file\ocr_muban _fixed_save(penma)\ocr_muban _fixed_save\autoadd\sdk\includes\mvobsoleteinterfaces.h(471): warning C4819: 该文件包含不能在当前代码页(936)中表示的字符。请将该文件保存为 Unicode 格式以防止数据丢失 (编译源文件 templatematch.cpp)
d:\file\ocr_muban _fixed_save(penma)\ocr_muban _fixed_save\autoadd\sdk\includes\mvobsoleteinterfaces.h(880): warning C4819: 该文件包含不能在当前代码页(936)中表示的字符。请将该文件保存为 Unicode 格式以防止数据丢失 (编译源文件 templatematch.cpp)
d:\file\ocr_muban _fixed_save(penma)\ocr_muban _fixed_save\autoadd\sdk\includes\mvobsoleteinterfaces.h(1270): warning C4819: 该文件包含不能在当前代码页(936)中表示的字符。请将该文件保存为 Unicode 格式以防止数据丢失 (编译源文件 templatematch.cpp)
d:\file\ocr_muban _fixed_save(penma)\ocr_muban _fixed_save\autoadd\sdk\includes\mvobsoleteinterfaces.h(1707): warning C4819: 该文件包含不能在当前代码页(936)中表示的字符。请将该文件保存为 Unicode 格式以防止数据丢失 (编译源文件 templatematch.cpp)
d:\file\ocr_muban _fixed_save(penma)\ocr_muban _fixed_save\autoadd\sdk\includes\mvcameracontrol.h(419): warning C4819: 该文件包含不能在当前代码页(936)中表示的字符。请将该文件保存为 Unicode 格式以防止数据丢失 (编译源文件 templatematch.cpp)
d:\file\ocr_muban _fixed_save(penma)\ocr_muban _fixed_save\autoadd\sdk\includes\mvcameracontrol.h(753): warning C4819: 该文件包含不能在当前代码页(936)中表示的字符。请将该文件保存为 Unicode 格式以防止数据丢失 (编译源文件 templatematch.cpp)
d:\file\ocr_muban _fixed_save(penma)\ocr_muban _fixed_save\autoadd\sdk\includes\mvcameracontrol.h(1135): warning C4819: 该文件包含不能在当前代码页(936)中表示的字符。请将该文件保存为 Unicode 格式以防止数据丢失 (编译源文件 templatematch.cpp)
d:\file\ocr_muban _fixed_save(penma)\ocr_muban _fixed_save\autoadd\sdk\includes\mvcameracontrol.h(1576): warning C4819: 该文件包含不能在当前代码页(936)中表示的字符。请将该文件保存为 Unicode 格式以防止数据丢失 (编译源文件 templatematch.cpp)
d:\file\ocr_muban _fixed_save(penma)\ocr_muban _fixed_save\autoadd\sdk\includes\mvcameracontrol.h(1985): warning C4819: 该文件包含不能在当前代码页(936)中表示的字符。请将该文件保存为 Unicode 格式以防止数据丢失 (编译源文件 templatematch.cpp)
d:\file\ocr_muban _fixed_save(penma)\ocr_muban _fixed_save\autoadd\sdk\includes\mverrordefine.h : warning C4819: 该文件包含不能在当前代码页(936)中表示的字符。请将该文件保存为 Unicode 格式以防止数据丢失 (编译源文件 ImageManipulator.cpp)
d:\file\ocr_muban _fixed_save(penma)\ocr_muban _fixed_save\autoadd\sdk\includes\mvisperrordefine.h : warning C4819: 该文件包含不能在当前代码页(936)中表示的字符。请将该文件保存为 Unicode 格式以防止数据丢失 (编译源文件 ImageManipulator.cpp)
d:\file\ocr_muban _fixed_save(penma)\ocr_muban _fixed_save\autoadd\sdk\includes\cameraparams.h : warning C4819: 该文件包含不能在当前代码页(936)中表示的字符。请将该文件保存为 Unicode 格式以防止数据丢失 (编译源文件 ImageManipulator.cpp)
d:\file\ocr_muban _fixed_save(penma)\ocr_muban _fixed_save\autoadd\sdk\includes\cameraparams.h(338): warning C4819: 该文件包含不能在当前代码页(936)中表示的字符。请将该文件保存为 Unicode 格式以防止数据丢失 (编译源文件 ImageManipulator.cpp)
d:\file\ocr_muban _fixed_save(penma)\ocr_muban _fixed_save\autoadd\sdk\includes\cameraparams.h(713): warning C4819: 该文件包含不能在当前代码页(936)中表示的字符。请将该文件保存为 Unicode 格式以防止数据丢失 (编译源文件 ImageManipulator.cpp)
d:\file\ocr_muban _fixed_save(penma)\ocr_muban _fixed_save\autoadd\sdk\includes\mvcameracontrol.h : warning C4819: 该文件包含不能在当前代码页(936)中表示的字符。请将该文件保存为 Unicode 格式以防止数据丢失 (编译源文件 ImageManipulator.cpp)
d:\file\ocr_muban _fixed_save(penma)\ocr_muban _fixed_save\autoadd\sdk\includes\mvobsoleteinterfaces.h : warning C4819: 该文件包含不能在当前代码页(936)中表示的字符。请将该文件保存为 Unicode 格式以防止数据丢失 (编译源文件 ImageManipulator.cpp)
d:\file\ocr_muban _fixed_save(penma)\ocr_muban _fixed_save\autoadd\sdk\includes\obsoletecamparams.h : warning C4819: 该文件包含不能在当前代码页(936)中表示的字符。请将该文件保存为 Unicode 格式以防止数据丢失 (编译源文件 ImageManipulator.cpp)
d:\file\ocr_muban _fixed_save(penma)\ocr_muban _fixed_save\autoadd\sdk\includes\obsoletecamparams.h(373): warning C4819: 该文件包含不能在当前代码页(936)中表示的字符。请将该文件保存为 Unicode 格式以防止数据丢失 (编译源文件 ImageManipulator.cpp)
d:\file\ocr_muban _fixed_save(penma)\ocr_muban _fixed_save\autoadd\sdk\includes\mvobsoleteinterfaces.h(471): warning C4819: 该文件包含不能在当前代码页(936)中表示的字符。请将该文件保存为 Unicode 格式以防止数据丢失 (编译源文件 ImageManipulator.cpp)
d:\file\ocr_muban _fixed_save(penma)\ocr_muban _fixed_save\autoadd\sdk\includes\mvobsoleteinterfaces.h(880): warning C4819: 该文件包含不能在当前代码页(936)中表示的字符。请将该文件保存为 Unicode 格式以防止数据丢失 (编译源文件 ImageManipulator.cpp)
d:\file\ocr_muban _fixed_save(penma)\ocr_muban _fixed_save\autoadd\sdk\includes\mvobsoleteinterfaces.h(1270): warning C4819: 该文件包含不能在当前代码页(936)中表示的字符。请将该文件保存为 Unicode 格式以防止数据丢失 (编译源文件 ImageManipulator.cpp)
d:\file\ocr_muban _fixed_save(penma)\ocr_muban _fixed_save\autoadd\sdk\includes\mvobsoleteinterfaces.h(1707): warning C4819: 该文件包含不能在当前代码页(936)中表示的字符。请将该文件保存为 Unicode 格式以防止数据丢失 (编译源文件 ImageManipulator.cpp)
d:\file\ocr_muban _fixed_save(penma)\ocr_muban _fixed_save\autoadd\sdk\includes\mvcameracontrol.h(419): warning C4819: 该文件包含不能在当前代码页(936)中表示的字符。请将该文件保存为 Unicode 格式以防止数据丢失 (编译源文件 ImageManipulator.cpp)
d:\file\ocr_muban _fixed_save(penma)\ocr_muban _fixed_save\autoadd\sdk\includes\mvcameracontrol.h(753): warning C4819: 该文件包含不能在当前代码页(936)中表示的字符。请将该文件保存为 Unicode 格式以防止数据丢失 (编译源文件 ImageManipulator.cpp)
d:\file\ocr_muban _fixed_save(penma)\ocr_muban _fixed_save\autoadd\sdk\includes\mvcameracontrol.h(1135): warning C4819: 该文件包含不能在当前代码页(936)中表示的字符。请将该文件保存为 Unicode 格式以防止数据丢失 (编译源文件 ImageManipulator.cpp)
d:\file\ocr_muban _fixed_save(penma)\ocr_muban _fixed_save\autoadd\sdk\includes\mvcameracontrol.h(1576): warning C4819: 该文件包含不能在当前代码页(936)中表示的字符。请将该文件保存为 Unicode 格式以防止数据丢失 (编译源文件 ImageManipulator.cpp)
d:\file\ocr_muban _fixed_save(penma)\ocr_muban _fixed_save\autoadd\sdk\includes\mvcameracontrol.h(1985): warning C4819: 该文件包含不能在当前代码页(936)中表示的字符。请将该文件保存为 Unicode 格式以防止数据丢失 (编译源文件 ImageManipulator.cpp)
d:\file\ocr_muban _fixed_save(penma)\ocr_muban _fixed_save\autoadd\templatematch.cpp(1140): warning C4189: “tmplIdx”: 局部变量已初始化但不引用
d:\file\ocr_muban _fixed_save(penma)\ocr_muban _fixed_save\3rdparty\paddle_inference_install_dir\paddle\include\paddle_api.h(292): warning C4100: “name”: 未引用的形参 (编译源文件 main.cpp)
d:\file\ocr_muban _fixed_save(penma)\ocr_muban _fixed_save\3rdparty\paddle_inference_install_dir\paddle\include\paddle_api.h(302): warning C4100: “name”: 未引用的形参 (编译源文件 main.cpp)
d:\file\ocr_muban _fixed_save(penma)\ocr_muban _fixed_save\3rdparty\paddle_inference_install_dir\paddle\include\paddle_api.h(292): warning C4100: “name”: 未引用的形参 (编译源文件 ImageManipulator.cpp)
d:\file\ocr_muban _fixed_save(penma)\ocr_muban _fixed_save\3rdparty\paddle_inference_install_dir\paddle\include\paddle_api.h(302): warning C4100: “name”: 未引用的形参 (编译源文件 ImageManipulator.cpp)
d:\file\ocr_muban _fixed_save(penma)\ocr_muban _fixed_save\3rdparty\paddle_inference_install_dir\paddle\include\paddle_api.h(292): warning C4100: “name”: 未引用的形参 (编译源文件 widget.cpp)
d:\file\ocr_muban _fixed_save(penma)\ocr_muban _fixed_save\3rdparty\paddle_inference_install_dir\paddle\include\paddle_api.h(302): warning C4100: “name”: 未引用的形参 (编译源文件 widget.cpp)
d:\file\ocr_muban _fixed_save(penma)\ocr_muban _fixed_save\autoadd\widget.cpp(834): warning C4267: “参数”: 从“size_t”转换到“int”，可能丢失数据
d:\file\ocr_muban _fixed_save(penma)\ocr_muban _fixed_save\autoadd\widget.cpp(843): warning C4267: “参数”: 从“size_t”转换到“int”，可能丢失数据
d:\file\ocr_muban _fixed_save(penma)\ocr_muban _fixed_save\autoadd\widget.cpp(3994): warning C4189: “tmp2”: 局部变量已初始化但不引用
d:\file\ocr_muban _fixed_save(penma)\ocr_muban _fixed_save\autoadd\widget.cpp(4007): warning C4189: “tmp2”: 局部变量已初始化但不引用
  qrc_image.cpp
  moc_CameraThread.cpp
  moc_imagelabel.cpp
  moc_mythread.cpp
  moc_templatematch.cpp
  moc_widget.cpp
d:\file\ocr_muban _fixed_save(penma)\ocr_muban _fixed_save\autoadd\sdk\includes\mvcameracontrol.h : warning C4819: 该文件包含不能在当前代码页(936)中表示的字符。请将该文件保存为 Unicode 格式以防止数据丢失 (编译源文件 Debug\moc_mythread.cpp)
d:\file\ocr_muban _fixed_save(penma)\ocr_muban _fixed_save\autoadd\sdk\includes\mverrordefine.h : warning C4819: 该文件包含不能在当前代码页(936)中表示的字符。请将该文件保存为 Unicode 格式以防止数据丢失 (编译源文件 Debug\moc_mythread.cpp)
d:\file\ocr_muban _fixed_save(penma)\ocr_muban _fixed_save\autoadd\sdk\includes\mvisperrordefine.h : warning C4819: 该文件包含不能在当前代码页(936)中表示的字符。请将该文件保存为 Unicode 格式以防止数据丢失 (编译源文件 Debug\moc_mythread.cpp)
d:\file\ocr_muban _fixed_save(penma)\ocr_muban _fixed_save\autoadd\sdk\includes\cameraparams.h : warning C4819: 该文件包含不能在当前代码页(936)中表示的字符。请将该文件保存为 Unicode 格式以防止数据丢失 (编译源文件 Debug\moc_mythread.cpp)
d:\file\ocr_muban _fixed_save(penma)\ocr_muban _fixed_save\autoadd\sdk\includes\cameraparams.h(338): warning C4819: 该文件包含不能在当前代码页(936)中表示的字符。请将该文件保存为 Unicode 格式以防止数据丢失 (编译源文件 Debug\moc_mythread.cpp)
d:\file\ocr_muban _fixed_save(penma)\ocr_muban _fixed_save\autoadd\sdk\includes\cameraparams.h(713): warning C4819: 该文件包含不能在当前代码页(936)中表示的字符。请将该文件保存为 Unicode 格式以防止数据丢失 (编译源文件 Debug\moc_mythread.cpp)
d:\file\ocr_muban _fixed_save(penma)\ocr_muban _fixed_save\autoadd\sdk\includes\mvobsoleteinterfaces.h : warning C4819: 该文件包含不能在当前代码页(936)中表示的字符。请将该文件保存为 Unicode 格式以防止数据丢失 (编译源文件 Debug\moc_mythread.cpp)
d:\file\ocr_muban _fixed_save(penma)\ocr_muban _fixed_save\autoadd\sdk\includes\obsoletecamparams.h : warning C4819: 该文件包含不能在当前代码页(936)中表示的字符。请将该文件保存为 Unicode 格式以防止数据丢失 (编译源文件 Debug\moc_mythread.cpp)
d:\file\ocr_muban _fixed_save(penma)\ocr_muban _fixed_save\autoadd\sdk\includes\obsoletecamparams.h(373): warning C4819: 该文件包含不能在当前代码页(936)中表示的字符。请将该文件保存为 Unicode 格式以防止数据丢失 (编译源文件 Debug\moc_mythread.cpp)
d:\file\ocr_muban _fixed_save(penma)\ocr_muban _fixed_save\autoadd\sdk\includes\mvobsoleteinterfaces.h(471): warning C4819: 该文件包含不能在当前代码页(936)中表示的字符。请将该文件保存为 Unicode 格式以防止数据丢失 (编译源文件 Debug\moc_mythread.cpp)
d:\file\ocr_muban _fixed_save(penma)\ocr_muban _fixed_save\autoadd\sdk\includes\mvobsoleteinterfaces.h(880): warning C4819: 该文件包含不能在当前代码页(936)中表示的字符。请将该文件保存为 Unicode 格式以防止数据丢失 (编译源文件 Debug\moc_mythread.cpp)
d:\file\ocr_muban _fixed_save(penma)\ocr_muban _fixed_save\autoadd\sdk\includes\mvobsoleteinterfaces.h(1270): warning C4819: 该文件包含不能在当前代码页(936)中表示的字符。请将该文件保存为 Unicode 格式以防止数据丢失 (编译源文件 Debug\moc_mythread.cpp)
d:\file\ocr_muban _fixed_save(penma)\ocr_muban _fixed_save\autoadd\sdk\includes\mvobsoleteinterfaces.h(1707): warning C4819: 该文件包含不能在当前代码页(936)中表示的字符。请将该文件保存为 Unicode 格式以防止数据丢失 (编译源文件 Debug\moc_mythread.cpp)
d:\file\ocr_muban _fixed_save(penma)\ocr_muban _fixed_save\autoadd\sdk\includes\mvcameracontrol.h(419): warning C4819: 该文件包含不能在当前代码页(936)中表示的字符。请将该文件保存为 Unicode 格式以防止数据丢失 (编译源文件 Debug\moc_mythread.cpp)
d:\file\ocr_muban _fixed_save(penma)\ocr_muban _fixed_save\autoadd\sdk\includes\mvcameracontrol.h(753): warning C4819: 该文件包含不能在当前代码页(936)中表示的字符。请将该文件保存为 Unicode 格式以防止数据丢失 (编译源文件 Debug\moc_mythread.cpp)
d:\file\ocr_muban _fixed_save(penma)\ocr_muban _fixed_save\autoadd\sdk\includes\mvcameracontrol.h(1135): warning C4819: 该文件包含不能在当前代码页(936)中表示的字符。请将该文件保存为 Unicode 格式以防止数据丢失 (编译源文件 Debug\moc_mythread.cpp)
d:\file\ocr_muban _fixed_save(penma)\ocr_muban _fixed_save\autoadd\sdk\includes\mvcameracontrol.h(1576): warning C4819: 该文件包含不能在当前代码页(936)中表示的字符。请将该文件保存为 Unicode 格式以防止数据丢失 (编译源文件 Debug\moc_mythread.cpp)
d:\file\ocr_muban _fixed_save(penma)\ocr_muban _fixed_save\autoadd\sdk\includes\mvcameracontrol.h(1985): warning C4819: 该文件包含不能在当前代码页(936)中表示的字符。请将该文件保存为 Unicode 格式以防止数据丢失 (编译源文件 Debug\moc_mythread.cpp)
d:\file\ocr_muban _fixed_save(penma)\ocr_muban _fixed_save\autoadd\sdk\includes\mvcameracontrol.h : warning C4819: 该文件包含不能在当前代码页(936)中表示的字符。请将该文件保存为 Unicode 格式以防止数据丢失 (编译源文件 Debug\moc_CameraThread.cpp)
d:\file\ocr_muban _fixed_save(penma)\ocr_muban _fixed_save\autoadd\sdk\includes\mverrordefine.h : warning C4819: 该文件包含不能在当前代码页(936)中表示的字符。请将该文件保存为 Unicode 格式以防止数据丢失 (编译源文件 Debug\moc_CameraThread.cpp)
d:\file\ocr_muban _fixed_save(penma)\ocr_muban _fixed_save\autoadd\sdk\includes\mvisperrordefine.h : warning C4819: 该文件包含不能在当前代码页(936)中表示的字符。请将该文件保存为 Unicode 格式以防止数据丢失 (编译源文件 Debug\moc_CameraThread.cpp)
d:\file\ocr_muban _fixed_save(penma)\ocr_muban _fixed_save\autoadd\sdk\includes\cameraparams.h : warning C4819: 该文件包含不能在当前代码页(936)中表示的字符。请将该文件保存为 Unicode 格式以防止数据丢失 (编译源文件 Debug\moc_CameraThread.cpp)
d:\file\ocr_muban _fixed_save(penma)\ocr_muban _fixed_save\autoadd\sdk\includes\cameraparams.h(338): warning C4819: 该文件包含不能在当前代码页(936)中表示的字符。请将该文件保存为 Unicode 格式以防止数据丢失 (编译源文件 Debug\moc_CameraThread.cpp)
d:\file\ocr_muban _fixed_save(penma)\ocr_muban _fixed_save\autoadd\sdk\includes\cameraparams.h(713): warning C4819: 该文件包含不能在当前代码页(936)中表示的字符。请将该文件保存为 Unicode 格式以防止数据丢失 (编译源文件 Debug\moc_CameraThread.cpp)
d:\file\ocr_muban _fixed_save(penma)\ocr_muban _fixed_save\autoadd\sdk\includes\mvobsoleteinterfaces.h : warning C4819: 该文件包含不能在当前代码页(936)中表示的字符。请将该文件保存为 Unicode 格式以防止数据丢失 (编译源文件 Debug\moc_CameraThread.cpp)
d:\file\ocr_muban _fixed_save(penma)\ocr_muban _fixed_save\autoadd\sdk\includes\obsoletecamparams.h : warning C4819: 该文件包含不能在当前代码页(936)中表示的字符。请将该文件保存为 Unicode 格式以防止数据丢失 (编译源文件 Debug\moc_CameraThread.cpp)
d:\file\ocr_muban _fixed_save(penma)\ocr_muban _fixed_save\autoadd\sdk\includes\obsoletecamparams.h(373): warning C4819: 该文件包含不能在当前代码页(936)中表示的字符。请将该文件保存为 Unicode 格式以防止数据丢失 (编译源文件 Debug\moc_CameraThread.cpp)
d:\file\ocr_muban _fixed_save(penma)\ocr_muban _fixed_save\autoadd\sdk\includes\mvobsoleteinterfaces.h(471): warning C4819: 该文件包含不能在当前代码页(936)中表示的字符。请将该文件保存为 Unicode 格式以防止数据丢失 (编译源文件 Debug\moc_CameraThread.cpp)
d:\file\ocr_muban _fixed_save(penma)\ocr_muban _fixed_save\autoadd\sdk\includes\mvobsoleteinterfaces.h(880): warning C4819: 该文件包含不能在当前代码页(936)中表示的字符。请将该文件保存为 Unicode 格式以防止数据丢失 (编译源文件 Debug\moc_CameraThread.cpp)
d:\file\ocr_muban _fixed_save(penma)\ocr_muban _fixed_save\autoadd\sdk\includes\mvobsoleteinterfaces.h(1270): warning C4819: 该文件包含不能在当前代码页(936)中表示的字符。请将该文件保存为 Unicode 格式以防止数据丢失 (编译源文件 Debug\moc_CameraThread.cpp)
d:\file\ocr_muban _fixed_save(penma)\ocr_muban _fixed_save\autoadd\sdk\includes\mvobsoleteinterfaces.h(1707): warning C4819: 该文件包含不能在当前代码页(936)中表示的字符。请将该文件保存为 Unicode 格式以防止数据丢失 (编译源文件 Debug\moc_CameraThread.cpp)
d:\file\ocr_muban _fixed_save(penma)\ocr_muban _fixed_save\autoadd\sdk\includes\mvcameracontrol.h(419): warning C4819: 该文件包含不能在当前代码页(936)中表示的字符。请将该文件保存为 Unicode 格式以防止数据丢失 (编译源文件 Debug\moc_CameraThread.cpp)
d:\file\ocr_muban _fixed_save(penma)\ocr_muban _fixed_save\autoadd\sdk\includes\mvcameracontrol.h(753): warning C4819: 该文件包含不能在当前代码页(936)中表示的字符。请将该文件保存为 Unicode 格式以防止数据丢失 (编译源文件 Debug\moc_CameraThread.cpp)
d:\file\ocr_muban _fixed_save(penma)\ocr_muban _fixed_save\autoadd\sdk\includes\mvcameracontrol.h(1135): warning C4819: 该文件包含不能在当前代码页(936)中表示的字符。请将该文件保存为 Unicode 格式以防止数据丢失 (编译源文件 Debug\moc_CameraThread.cpp)
d:\file\ocr_muban _fixed_save(penma)\ocr_muban _fixed_save\autoadd\sdk\includes\mvcameracontrol.h(1576): warning C4819: 该文件包含不能在当前代码页(936)中表示的字符。请将该文件保存为 Unicode 格式以防止数据丢失 (编译源文件 Debug\moc_CameraThread.cpp)
d:\file\ocr_muban _fixed_save(penma)\ocr_muban _fixed_save\autoadd\sdk\includes\mvcameracontrol.h(1985): warning C4819: 该文件包含不能在当前代码页(936)中表示的字符。请将该文件保存为 Unicode 格式以防止数据丢失 (编译源文件 Debug\moc_CameraThread.cpp)
d:\file\ocr_muban _fixed_save(penma)\ocr_muban _fixed_save\autoadd\sdk\includes\mverrordefine.h : warning C4819: 该文件包含不能在当前代码页(936)中表示的字符。请将该文件保存为 Unicode 格式以防止数据丢失 (编译源文件 Debug\moc_widget.cpp)
d:\file\ocr_muban _fixed_save(penma)\ocr_muban _fixed_save\autoadd\sdk\includes\mvisperrordefine.h : warning C4819: 该文件包含不能在当前代码页(936)中表示的字符。请将该文件保存为 Unicode 格式以防止数据丢失 (编译源文件 Debug\moc_widget.cpp)
d:\file\ocr_muban _fixed_save(penma)\ocr_muban _fixed_save\autoadd\sdk\includes\cameraparams.h : warning C4819: 该文件包含不能在当前代码页(936)中表示的字符。请将该文件保存为 Unicode 格式以防止数据丢失 (编译源文件 Debug\moc_widget.cpp)
d:\file\ocr_muban _fixed_save(penma)\ocr_muban _fixed_save\autoadd\sdk\includes\cameraparams.h(338): warning C4819: 该文件包含不能在当前代码页(936)中表示的字符。请将该文件保存为 Unicode 格式以防止数据丢失 (编译源文件 Debug\moc_widget.cpp)
d:\file\ocr_muban _fixed_save(penma)\ocr_muban _fixed_save\autoadd\sdk\includes\cameraparams.h(713): warning C4819: 该文件包含不能在当前代码页(936)中表示的字符。请将该文件保存为 Unicode 格式以防止数据丢失 (编译源文件 Debug\moc_widget.cpp)
d:\file\ocr_muban _fixed_save(penma)\ocr_muban _fixed_save\autoadd\sdk\includes\mvcameracontrol.h : warning C4819: 该文件包含不能在当前代码页(936)中表示的字符。请将该文件保存为 Unicode 格式以防止数据丢失 (编译源文件 Debug\moc_widget.cpp)
d:\file\ocr_muban _fixed_save(penma)\ocr_muban _fixed_save\autoadd\sdk\includes\mvobsoleteinterfaces.h : warning C4819: 该文件包含不能在当前代码页(936)中表示的字符。请将该文件保存为 Unicode 格式以防止数据丢失 (编译源文件 Debug\moc_widget.cpp)
d:\file\ocr_muban _fixed_save(penma)\ocr_muban _fixed_save\autoadd\sdk\includes\obsoletecamparams.h : warning C4819: 该文件包含不能在当前代码页(936)中表示的字符。请将该文件保存为 Unicode 格式以防止数据丢失 (编译源文件 Debug\moc_widget.cpp)
d:\file\ocr_muban _fixed_save(penma)\ocr_muban _fixed_save\autoadd\sdk\includes\obsoletecamparams.h(373): warning C4819: 该文件包含不能在当前代码页(936)中表示的字符。请将该文件保存为 Unicode 格式以防止数据丢失 (编译源文件 Debug\moc_widget.cpp)
d:\file\ocr_muban _fixed_save(penma)\ocr_muban _fixed_save\autoadd\sdk\includes\mvobsoleteinterfaces.h(471): warning C4819: 该文件包含不能在当前代码页(936)中表示的字符。请将该文件保存为 Unicode 格式以防止数据丢失 (编译源文件 Debug\moc_widget.cpp)
d:\file\ocr_muban _fixed_save(penma)\ocr_muban _fixed_save\autoadd\sdk\includes\mvobsoleteinterfaces.h(880): warning C4819: 该文件包含不能在当前代码页(936)中表示的字符。请将该文件保存为 Unicode 格式以防止数据丢失 (编译源文件 Debug\moc_widget.cpp)
d:\file\ocr_muban _fixed_save(penma)\ocr_muban _fixed_save\autoadd\sdk\includes\mvobsoleteinterfaces.h(1270): warning C4819: 该文件包含不能在当前代码页(936)中表示的字符。请将该文件保存为 Unicode 格式以防止数据丢失 (编译源文件 Debug\moc_widget.cpp)
d:\file\ocr_muban _fixed_save(penma)\ocr_muban _fixed_save\autoadd\sdk\includes\mvobsoleteinterfaces.h(1707): warning C4819: 该文件包含不能在当前代码页(936)中表示的字符。请将该文件保存为 Unicode 格式以防止数据丢失 (编译源文件 Debug\moc_widget.cpp)
d:\file\ocr_muban _fixed_save(penma)\ocr_muban _fixed_save\autoadd\sdk\includes\mvcameracontrol.h(419): warning C4819: 该文件包含不能在当前代码页(936)中表示的字符。请将该文件保存为 Unicode 格式以防止数据丢失 (编译源文件 Debug\moc_widget.cpp)
d:\file\ocr_muban _fixed_save(penma)\ocr_muban _fixed_save\autoadd\sdk\includes\mvcameracontrol.h(753): warning C4819: 该文件包含不能在当前代码页(936)中表示的字符。请将该文件保存为 Unicode 格式以防止数据丢失 (编译源文件 Debug\moc_widget.cpp)
d:\file\ocr_muban _fixed_save(penma)\ocr_muban _fixed_save\autoadd\sdk\includes\mvcameracontrol.h(1135): warning C4819: 该文件包含不能在当前代码页(936)中表示的字符。请将该文件保存为 Unicode 格式以防止数据丢失 (编译源文件 Debug\moc_widget.cpp)
d:\file\ocr_muban _fixed_save(penma)\ocr_muban _fixed_save\autoadd\sdk\includes\mvcameracontrol.h(1576): warning C4819: 该文件包含不能在当前代码页(936)中表示的字符。请将该文件保存为 Unicode 格式以防止数据丢失 (编译源文件 Debug\moc_widget.cpp)
d:\file\ocr_muban _fixed_save(penma)\ocr_muban _fixed_save\autoadd\sdk\includes\mvcameracontrol.h(1985): warning C4819: 该文件包含不能在当前代码页(936)中表示的字符。请将该文件保存为 Unicode 格式以防止数据丢失 (编译源文件 Debug\moc_widget.cpp)
d:\file\ocr_muban _fixed_save(penma)\ocr_muban _fixed_save\3rdparty\opencv\include\opencv2\flann\result_set.h(306): warning C4003: 类函数宏的调用“max”参数不足 (编译源文件 Debug\moc_widget.cpp)
d:\file\ocr_muban _fixed_save(penma)\ocr_muban _fixed_save\3rdparty\opencv\include\opencv2\flann\result_set.h(428): warning C4003: 类函数宏的调用“max”参数不足 (编译源文件 Debug\moc_widget.cpp)
d:\file\ocr_muban _fixed_save(penma)\ocr_muban _fixed_save\3rdparty\opencv\include\opencv2\flann\lsh_index.h(203): warning C4003: 类函数宏的调用“max”参数不足 (编译源文件 Debug\moc_widget.cpp)
d:\file\ocr_muban _fixed_save(penma)\ocr_muban _fixed_save\3rdparty\opencv\include\opencv2\flann\lsh_index.h(269): warning C4003: 类函数宏的调用“max”参数不足 (编译源文件 Debug\moc_widget.cpp)
d:\file\ocr_muban _fixed_save(penma)\ocr_muban _fixed_save\autoadd\sdk\includes\mvcameracontrol.h : warning C4819: 该文件包含不能在当前代码页(936)中表示的字符。请将该文件保存为 Unicode 格式以防止数据丢失 (编译源文件 Debug\moc_templatematch.cpp)
d:\file\ocr_muban _fixed_save(penma)\ocr_muban _fixed_save\autoadd\sdk\includes\mverrordefine.h : warning C4819: 该文件包含不能在当前代码页(936)中表示的字符。请将该文件保存为 Unicode 格式以防止数据丢失 (编译源文件 Debug\moc_templatematch.cpp)
d:\file\ocr_muban _fixed_save(penma)\ocr_muban _fixed_save\autoadd\sdk\includes\mvisperrordefine.h : warning C4819: 该文件包含不能在当前代码页(936)中表示的字符。请将该文件保存为 Unicode 格式以防止数据丢失 (编译源文件 Debug\moc_templatematch.cpp)
d:\file\ocr_muban _fixed_save(penma)\ocr_muban _fixed_save\autoadd\sdk\includes\cameraparams.h : warning C4819: 该文件包含不能在当前代码页(936)中表示的字符。请将该文件保存为 Unicode 格式以防止数据丢失 (编译源文件 Debug\moc_templatematch.cpp)
d:\file\ocr_muban _fixed_save(penma)\ocr_muban _fixed_save\autoadd\sdk\includes\cameraparams.h(338): warning C4819: 该文件包含不能在当前代码页(936)中表示的字符。请将该文件保存为 Unicode 格式以防止数据丢失 (编译源文件 Debug\moc_templatematch.cpp)
d:\file\ocr_muban _fixed_save(penma)\ocr_muban _fixed_save\autoadd\sdk\includes\cameraparams.h(713): warning C4819: 该文件包含不能在当前代码页(936)中表示的字符。请将该文件保存为 Unicode 格式以防止数据丢失 (编译源文件 Debug\moc_templatematch.cpp)
d:\file\ocr_muban _fixed_save(penma)\ocr_muban _fixed_save\autoadd\sdk\includes\mvobsoleteinterfaces.h : warning C4819: 该文件包含不能在当前代码页(936)中表示的字符。请将该文件保存为 Unicode 格式以防止数据丢失 (编译源文件 Debug\moc_templatematch.cpp)
d:\file\ocr_muban _fixed_save(penma)\ocr_muban _fixed_save\autoadd\sdk\includes\obsoletecamparams.h : warning C4819: 该文件包含不能在当前代码页(936)中表示的字符。请将该文件保存为 Unicode 格式以防止数据丢失 (编译源文件 Debug\moc_templatematch.cpp)
d:\file\ocr_muban _fixed_save(penma)\ocr_muban _fixed_save\autoadd\sdk\includes\obsoletecamparams.h(373): warning C4819: 该文件包含不能在当前代码页(936)中表示的字符。请将该文件保存为 Unicode 格式以防止数据丢失 (编译源文件 Debug\moc_templatematch.cpp)
d:\file\ocr_muban _fixed_save(penma)\ocr_muban _fixed_save\autoadd\sdk\includes\mvobsoleteinterfaces.h(471): warning C4819: 该文件包含不能在当前代码页(936)中表示的字符。请将该文件保存为 Unicode 格式以防止数据丢失 (编译源文件 Debug\moc_templatematch.cpp)
d:\file\ocr_muban _fixed_save(penma)\ocr_muban _fixed_save\autoadd\sdk\includes\mvobsoleteinterfaces.h(880): warning C4819: 该文件包含不能在当前代码页(936)中表示的字符。请将该文件保存为 Unicode 格式以防止数据丢失 (编译源文件 Debug\moc_templatematch.cpp)
d:\file\ocr_muban _fixed_save(penma)\ocr_muban _fixed_save\autoadd\sdk\includes\mvobsoleteinterfaces.h(1270): warning C4819: 该文件包含不能在当前代码页(936)中表示的字符。请将该文件保存为 Unicode 格式以防止数据丢失 (编译源文件 Debug\moc_templatematch.cpp)
d:\file\ocr_muban _fixed_save(penma)\ocr_muban _fixed_save\autoadd\sdk\includes\mvobsoleteinterfaces.h(1707): warning C4819: 该文件包含不能在当前代码页(936)中表示的字符。请将该文件保存为 Unicode 格式以防止数据丢失 (编译源文件 Debug\moc_templatematch.cpp)
d:\file\ocr_muban _fixed_save(penma)\ocr_muban _fixed_save\autoadd\sdk\includes\mvcameracontrol.h(419): warning C4819: 该文件包含不能在当前代码页(936)中表示的字符。请将该文件保存为 Unicode 格式以防止数据丢失 (编译源文件 Debug\moc_templatematch.cpp)
d:\file\ocr_muban _fixed_save(penma)\ocr_muban _fixed_save\autoadd\sdk\includes\mvcameracontrol.h(753): warning C4819: 该文件包含不能在当前代码页(936)中表示的字符。请将该文件保存为 Unicode 格式以防止数据丢失 (编译源文件 Debug\moc_templatematch.cpp)
d:\file\ocr_muban _fixed_save(penma)\ocr_muban _fixed_save\autoadd\sdk\includes\mvcameracontrol.h(1135): warning C4819: 该文件包含不能在当前代码页(936)中表示的字符。请将该文件保存为 Unicode 格式以防止数据丢失 (编译源文件 Debug\moc_templatematch.cpp)
d:\file\ocr_muban _fixed_save(penma)\ocr_muban _fixed_save\autoadd\sdk\includes\mvcameracontrol.h(1576): warning C4819: 该文件包含不能在当前代码页(936)中表示的字符。请将该文件保存为 Unicode 格式以防止数据丢失 (编译源文件 Debug\moc_templatematch.cpp)
d:\file\ocr_muban _fixed_save(penma)\ocr_muban _fixed_save\autoadd\sdk\includes\mvcameracontrol.h(1985): warning C4819: 该文件包含不能在当前代码页(936)中表示的字符。请将该文件保存为 Unicode 格式以防止数据丢失 (编译源文件 Debug\moc_templatematch.cpp)
d:\file\ocr_muban _fixed_save(penma)\ocr_muban _fixed_save\3rdparty\paddle_inference_install_dir\paddle\include\paddle_api.h(292): warning C4100: “name”: 未引用的形参 (编译源文件 Debug\moc_widget.cpp)
d:\file\ocr_muban _fixed_save(penma)\ocr_muban _fixed_save\3rdparty\paddle_inference_install_dir\paddle\include\paddle_api.h(302): warning C4100: “name”: 未引用的形参 (编译源文件 Debug\moc_widget.cpp)
LINK : warning LNK4044: 无法识别的选项“/MTd”；已忽略
LIBCMTD.lib(initializers.obj) : warning LNK4098: 默认库“msvcrtd.lib”与其他库的使用冲突；请使用 /NODEFAULTLIB:library
widget.obj : error LNK2019: 无法解析的外部符号 "bool __cdecl cv::imwrite(class cv::String const &,class cv::_InputArray const &,class std::vector<int,class std::allocator<int> > const &)" (?imwrite@cv@@YA_NAEBVString@1@AEBV_InputArray@1@AEBV?$vector@HV?$allocator@H@std@@@std@@@Z)，该符号在函数 "public: void __cdecl Widget::saveImage(class QString,class QString)" (?saveImage@Widget@@QEAAXVQString@@0@Z) 中被引用
debug\\ShengYin.exe : fatal error LNK1120: 1 个无法解析的外部命令
